N;Song1;Song2;Album1;Album2;Votes1;Votes2;Date
1;Johnny Boy;Pet Cheetah;Twenty One Pilots;Trench;12;36;20/03/2024
2;Overcompensate;Smithereens;Clancy;Trench;27;11;21/03/2024
3;House Of Gold rab;Saturday;Regional At Best;Scaled And Icy;33;11;22/03/2024
4;Shy Away;Heavydirtysoul;Scaled And Icy;Blurryface;5;33;23/03/2024
5;Addict With A Pen;The Run and Go;Twenty One Pilots;Vessel;29;8;24/03/2024
6;My Blood;Holding on to You;Trench;Vessel;10;30;25/03/2024
7;Anathema;Chlorine;Regional At Best;Trench;25;30;26/03/2024
8;Oh Ms Believer;Forest;Twenty One Pilots;Regional At Best;16;41;27/03/2024
9;Glowing Eyes;House of Gold;Regional At Best;Vessel;21;30;28/03/2024
10;The Judge;Level of Concern;Blurryface;Single;35;10;29/03/2024
11;Fairly Local;Fall Away;Blurryface;Twenty One Pilots;19;33;30/03/2024
12;Guns for Hands;Leave the City;Vessel;Trench;55;40;31/03/2024
13;Semi-Automatic;Cancer;Vessel;Single;38;10;01/04/2024
14;We Don't Believe What's on TV;March To The Sea;Blurryface;Twenty One Pilots;30;10;02/04/2024
15;Goner;Kitchen Sink;Blurryface;Regional At Best;15;28;03/04/2024
16;Never Take It;Good Day;Scaled And Icy;Scaled And Icy;29;15;04/04/2024
17;Before You Start Your Day;Trees;Twenty One Pilots;Vessel;5;44;05/04/2024
18;Ode to Sleep;No Chances;Vessel;Scaled And Icy;44;5;06/04/2024
19;Bandito;Migraine;Trench;Vessel;41;58;07/04/2024
20;Levitate;Doubt;Trench;Blurryface;30;16;08/04/2024
21;A Car, A Torch, A Death;Not Today;Twenty One Pilots;Blurryface;25;18;09/04/2024
22;Truce;Nico and the Niners;Vessel;Trench;13;33;10/04/2024
23;The Outside;Taxi Cab;Scaled And Icy;Twenty One Pilots;14;31;11/04/2024
24;Mulberry Street;The Pantaloon;Scaled And Icy;Twenty One Pilots;27;17;12/04/2024
25;Holding On To You rab;Be Concerned;Regional At Best;Regional At Best;30;9;13/04/2024
26;Clear;Neon Gravestones;Regional At Best;Trench;15;77;14/04/2024
27;Heathens;Christmas Saves The Year;Single;Single;41;8;15/04/2024
28;Morph;Fake You Out;Trench;Vessel;35;11;16/04/2024
29;Formidable;Legend;Scaled And Icy;Trench;11;30;17/04/2024
30;Bounce Man;Tear in My Heart;Scaled And Icy;Blurryface;4;41;18/04/2024
31;Lane Boy;Car Radio;Blurryface;Vessel;10;32;19/04/2024
32;Guns For Hands rab;Next Semester;Regional At Best;Clancy;1;41;20/04/2024
33;Slowtown;Cut My Lip;Regional At Best;Trench;33;69;21/04/2024
34;Friend, Please;Two;Twenty One Pilots;Regional At Best;40;3;22/04/2024
35;Choker;Ode To Sleep rab;Scaled And Icy;Regional At Best;22;21;23/04/2024
36;Ride;Air Catcher;Blurryface;Twenty One Pilots;31;16;24/04/2024
37;Implicit Demand For Proof;Stressed Out;Twenty One Pilots;Blurryface;21;30;25/04/2024
38;Trees rab;Polarize;Regional At Best;Blurryface;5;40;26/04/2024
39;Overcompensate;Holding On To You rab;Clancy;Regional At Best;44;20;27/04/2024
40;Levitate;House of Gold;Trench;Vessel;28;18;28/04/2024
41;Fall Away;Never Take It;Twenty One Pilots;Scaled And Icy;35;10;29/04/2024
42;The Judge;Neon Gravestones;Blurryface;Trench;21;22;30/04/2024
43;Ride;A Car, A Torch, A Death;Blurryface;Twenty One Pilots;29;14;01/05/2024
44;Backslide;Hometown;Clancy;Blurryface;30;13;02/05/2024
45;Ode to Sleep;Tear in My Heart;Vessel;Blurryface;35;10;03/05/2024
46;Semi-Automatic;Legend;Vessel;Trench;19;28;04/05/2024
47;Mulberry Street;House Of Gold rab;Scaled And Icy;Regional At Best;32;8;05/05/2024
48;Migraine;Heavydirtysoul;Vessel;Blurryface;29;30;06/05/2024
49;Polarize;Next Semester;Blurryface;Clancy;14;34;07/05/2024
50;Addict With A Pen;Nico and the Niners;Twenty One Pilots;Trench;11;36;08/05/2024
51;Choker;Taxi Cab;Scaled And Icy;Twenty One Pilots;16;35;09/05/2024
52;Friend, Please;Forest;Twenty One Pilots;Regional At Best;10;34;10/05/2024
53;Backslide;Chlorine;Clancy;Trench;20;23;11/05/2024
54;Guns for Hands;Kitchen Sink;Vessel;Regional At Best;63;37;12/05/2024
55;The Run and Go;Before You Start Your Day;Vessel;Twenty One Pilots;42;9;13/05/2024
56;Oh Ms Believer;Implicit Demand For Proof;Twenty One Pilots;Twenty One Pilots;9;40;14/05/2024
57;Johnny Boy;Christmas Saves The Year;Twenty One Pilots;Single;36;14;15/05/2024
58;Truce;March To The Sea;Vessel;Twenty One Pilots;31;16;16/05/2024
59;Saturday;Lane Boy;Scaled And Icy;Blurryface;5;49;17/05/2024
60;The Outside;Level of Concern;Scaled And Icy;Single;43;12;18/05/2024
61;Two;Good Day;Regional At Best;Scaled And Icy;13;38;19/05/2024
62;Slowtown;Not Today;Regional At Best;Blurryface;31;29;20/05/2024
63;Bandito;Bounce Man;Trench;Scaled And Icy;48;9;21/05/2024
64;Goner;Fake You Out;Blurryface;Vessel;28;24;22/05/2024
65;My Blood;Shy Away;Trench;Scaled And Icy;70;13;23/05/2024
66;Cancer;Clear;Single;Regional At Best;17;34;24/05/2024
67;Doubt;Smithereens;Blurryface;Trench;25;29;25/05/2024
68;Guns For Hands rab;Be Concerned;Regional At Best;Regional At Best;48;8;26/05/2024
69;No Chances;Ride;Scaled And Icy;Blurryface;20;50;27/05/2024
70;The Pantaloon;Ode To Sleep rab;Twenty One Pilots;Regional At Best;17;34;28/05/2024
71;Leave the City;Fairly Local;Trench;Blurryface;44;15;29/05/2024
72;Anathema;Trees rab;Regional At Best;Regional At Best;37;15;30/05/2024
73;Hometown;Glowing Eyes;Blurryface;Regional At Best;37;18;31/05/2024
74;Ode to Sleep;Lane Boy;Vessel;Blurryface;45;15;01/06/2024
75;The Outside;Good Day;Scaled And Icy;Scaled And Icy;112;24;02/06/2024
76;Slowtown;Goner;Regional At Best;Blurryface;30;22;03/06/2024
77;Truce;Leave the City;Vessel;Trench;14;43;04/06/2024
78;Johnny Boy;Anathema;Twenty One Pilots;Regional At Best;24;29;05/06/2024
79;Guns For Hands rab;Smithereens;Regional At Best;Trench;16;41;06/06/2024
80;Formidable;Bandito;Scaled And Icy;Trench;8;56;07/06/2024
81;The Run and Go;Clear;Vessel;Regional At Best;32;19;08/06/2024
82;Implicit Demand For Proof;My Blood;Twenty One Pilots;Trench;15;34;09/06/2024
83;No Chances;A Car, A Torch, A Death;Scaled And Icy;Twenty One Pilots;23;30;10/06/2024
84;Car Radio rab;The Craving (Jenna's version);Regional At Best;Clancy;29;23;11/06/2024
85;Lovely;Oldies Station;Regional At Best;Clancy;19;41;12/06/2024
86;Routines In The Night;Screen;Clancy;Vessel;11;38;13/06/2024
87;Midwest Indigo;Jumpsuit;Clancy;Trench;17;44;14/06/2024
88;Trapdoor;Paladin Strait;Twenty One Pilots;Clancy;21;31;15/06/2024
89;Ruby;Navigating;Regional At Best;Clancy;17;41;16/06/2024
90;Snap Back;The Hype;Clancy;Trench;24;40;17/06/2024
91;Lavish;Isle Of Flightless Birds;Clancy;Twenty One Pilots;17;49;18/06/2024
92;Vignette;Redecorate;Clancy;Scaled And Icy;25;39;19/06/2024
93;At The Risk Of Feeling Dumb;Message Man;Clancy;Blurryface;36;33;20/06/2024
94;A Car, A Torch, A Death;Hometown;Twenty One Pilots;Blurryface;17;42;21/06/2024
95;Time To Say Goodbye;Formidable;Single;Scaled And Icy;44;18;22/06/2024
96;Screen;We Don't Believe What's on TV;Vessel;Blurryface;43;14;23/06/2024
97;Cut My Lip;The Hype;Trench;Trench;33;22;24/06/2024
98;Stressed Out;Car Radio rab;Blurryface;Regional At Best;44;19;25/06/2024
99;At The Risk Of Feeling Dumb;Morph;Clancy;Trench;29;28;26/06/2024
100;Redecorate;Heathens;Scaled And Icy;Single;49;10;27/06/2024
101;Navigating;Holding on to You;Clancy;Vessel;18;39;28/06/2024
102;Car Radio;Isle Of Flightless Birds;Vessel;Twenty One Pilots;34;20;29/06/2024
103;Paladin Strait;Trees;Clancy;Vessel;29;32;30/06/2024
104;Jumpsuit;Pet Cheetah;Trench;Trench;35;20;01/07/2024
105;Ode To Sleep rab;Lane Boy;Regional At Best;Blurryface;18;52;02/07/2024
106;A Car, A Torch, A Death;Time To Say Goodbye;Twenty One Pilots;Single;32;11;03/07/2024
107;Jumpsuit;Taxi Cab;Trench;Twenty One Pilots;41;16;04/07/2024
108;Neon Gravestones;Chlorine;Trench;Trench;22;33;05/07/2024
109;Holding on to You;Overcompensate;Vessel;Clancy;41;15;06/07/2024
110;Car Radio;Next Semester;Vessel;Clancy;39;14;07/07/2024
111;Redecorate;Ode to Sleep;Scaled And Icy;Vessel;30;29;08/07/2024
112;Cut My Lip;At The Risk Of Feeling Dumb;Trench;Clancy;17;37;09/07/2024
113;Guns for Hands;Screen;Vessel;Vessel;46;10;10/07/2024
114;Fall Away;Heavydirtysoul;Twenty One Pilots;Blurryface;18;36;11/07/2024
115;Nico and the Niners;Mulberry Street;Trench;Scaled And Icy;41;11;12/07/2024
116;Stressed Out;A Car, A Torch, A Death;Blurryface;Twenty One Pilots;26;27;13/07/2024
117;Forest;Levitate;Regional At Best;Trench;30;29;14/07/2024
118;Trees;Ride;Vessel;Blurryface;37;18;15/07/2024
119;Legend;Oldies Station;Trench;Clancy;26;32;16/07/2024
120;Chlorine;A Car, A Torch, A Death;Trench;Twenty One Pilots;44;14;18/07/2024
121;Holding on to You;Redecorate;Vessel;Scaled And Icy;36;19;19/07/2024
122;At The Risk Of Feeling Dumb;Guns for Hands;Clancy;Vessel;22;35;20/07/2024
123;Jumpsuit;Heavydirtysoul;Trench;Blurryface;23;33;21/07/2024
124;Trees;Car Radio;Vessel;Vessel;14;40;22/07/2024
125;Oldies Station;Nico and the Niners;Clancy;Trench;22;40;23/07/2024
126;Forest;Guns for Hands;Regional At Best;Vessel;13;33;24/07/2024
127;Car Radio;Chlorine;Vessel;Trench;34;15;25/07/2024
128;Heavydirtysoul;Nico and the Niners;Blurryface;Trench;48;49;26/07/2024
129;Guns for Hands;Car Radio;Vessel;Vessel;16;31;27/07/2024
130;Nico and the Niners;Holding on to You;Trench;Vessel;20;31;28/07/2024
131;Holding on to You;Car Radio;Vessel;Vessel;37;28;29/07/2024
132;Nico and the Niners;Car Radio;Trench;Vessel;21;34;30/07/2024
133;Nico and the Niners;Guns for Hands;Trench;Vessel;26;24;31/07/2024
134;Chlorine;Guns for Hands;Trench;Vessel;30;21;01/07/2024
135;Guns for Hands;Trees;Vessel;Vessel;30;18;02/08/2024
136;Implicit Demand For Proof;Two;Twenty One Pilots;Regional At Best;42;5;03/08/2024
137;Fake You Out;The Judge;Vessel;Blurryface;20;28;04/08/2024
138;Lovely;Never Take It;Regional At Best;Scaled And Icy;34;13;05/08/2024
139;Car Radio rab;Bounce Man;Regional At Best;Scaled And Icy;30;16;06/08/2024
140;Truce;Saturday;Vessel;Scaled And Icy;41;9;08/08/2024
141;Leave the City;Jumpsuit;Trench;Trench;37;11;09/08/2024
142;Next Semester;Pet Cheetah;Clancy;Trench;33;15;10/08/2024
143;My Blood;Kitchen Sink;Trench;Regional At Best;25;15;11/08/2024
144;Message Man;Slowtown;Blurryface;Regional At Best;35;19;12/08/2024
145;Good Day;The Pantaloon;Scaled And Icy;Twenty One Pilots;16;29;14/08/2024
146;Ride;Addict With A Pen;Blurryface;Twenty One Pilots;28;18;14/08/2024
147;Forest;Oldies Station;Regional At Best;Clancy;21;42;16/08/2024
148;Formidable;Mulberry Street;Scaled And Icy;Scaled And Icy;16;59;17/08/2024
149;The Run and Go;A Car, A Torch, A Death;Vessel;Twenty One Pilots;22;36;17/08/2024
150;March To The Sea;Lane Boy;Twenty One Pilots;Blurryface;20;49;18/08/2024
151;Hometown;Vignette;Blurryface;Clancy;25;57;20/08/2024
152;Isle Of Flightless Birds;Morph;Twenty One Pilots;Trench;24;42;20/08/2024
153;Screen;Semi-Automatic;Vessel;Vessel;30;31;21/08/2024
154;Paladin Strait;Jumpsuit;Clancy;Trench;25;46;22/08/2024
155;Guns For Hands rab;Choker;Regional At Best;Scaled And Icy;18;38;22/08/2024
156;We Don't Believe What's on TV;Next Semester;Blurryface;Clancy;12;41;23/08/2024
157;The Outside;Polarize;Scaled And Icy;Blurryface;23;28;24/08/2024
158;Snap Back;Johnny Boy;Clancy;Twenty One Pilots;32;21;26/08/2024
159;Holding On To You rab;House of Gold;Regional At Best;Vessel;8;42;26/08/2024
160;Oh Ms Believer;Level of Concern;Twenty One Pilots;Single;24;38;28/08/2024
161;Glowing Eyes;Routines In The Night;Regional At Best;Clancy;19;44;30/08/2024
162;Legend;Overcompensate;Trench;Clancy;32;38;30/08/2024
163;Neon Gravestones;Air Catcher;Trench;Twenty One Pilots;43;18;31/08/2024
164;Bandito;Shy Away;Trench;Scaled And Icy;45;25;31/08/2024
165;The Craving (Jenna's version);The Hype;Clancy;Trench;8;53;02/09/2024
166;Taxi Cab;Cut My Lip;Twenty One Pilots;Trench;14;53;02/09/2024
167;At The Risk Of Feeling Dumb;Ride;Clancy;Blurryface;40;25;03/09/2024
168;Backslide;Midwest Indigo;Clancy;Clancy;80;79;06/09/2024
169;Lovely;Goner;Regional At Best;Blurryface;28;32;06/09/2024
170;Redecorate;Semi-Automatic;Scaled And Icy;Vessel;45;18;07/09/2024
171;Migraine;Johnny Boy;Vessel;Twenty One Pilots;47;4;07/09/2024
172;Never Take It;Hometown;Scaled And Icy;Blurryface;8;52;11/09/2024
173;Friend, Please;Doubt;Twenty One Pilots;Blurryface;33;30;11/09/2024
174;Before You Start Your Day;Pet Cheetah;Twenty One Pilots;Trench;12;46;11/09/2024
175;Level of Concern;No Chances;Single;Scaled And Icy;24;40;12/09/2024
176;Levitate;A Car, A Torch, A Death;Trench;Twenty One Pilots;47;17;16/09/2024
177;Clear;Ode To Sleep rab;Regional At Best;Regional At Best;25;31;16/09/2024
178;Heavydirtysoul;Ode to Sleep;Blurryface;Vessel;32;25;16/09/2024
179;Choker;Morph;Scaled And Icy;Trench;11;50;16/09/2024
180;House of Gold;Fake You Out;Vessel;Vessel;24;36;18/09/2024
181;Trapdoor;Routines In The Night;Twenty One Pilots;Clancy;44;22;18/09/2024
182;Ruby;Choker;Regional At Best;Scaled And Icy;39;27;23/09/2024
183;Jumpsuit;Semi-Automatic;Trench;Vessel;53;22;23/09/2024
184;The Judge;Lane Boy;Blurryface;Blurryface;28;26;23/09/2024
185;Tear in My Heart;Bandito;Blurryface;Trench;15;33;10/04/2025
186;March To The Sea;Lavish;Twenty One Pilots;Clancy;21;43;23/09/2024
187;Kitchen Sink;Trees;Regional At Best;Vessel;20;31;02/10/2024
188;Polarize;Truce;Blurryface;Vessel;34;30;02/10/2024
189;Cancer;We Don't Believe What's on TV;Single;Blurryface;12;43;02/10/2024
190;Backslide;Christmas Saves The Year;Clancy;Single;52;6;02/10/2024
191;Stressed Out;My Blood;Blurryface;Trench;13;49;02/10/2024
192;Air Catcher;The Pantaloon;Twenty One Pilots;Twenty One Pilots;31;19;02/10/2024
193;Mulberry Street;Addict With A Pen;Scaled And Icy;Twenty One Pilots;36;25;02/10/2024
194;Neon Gravestones;Guns For Hands rab;Trench;Regional At Best;43;6;02/10/2024
195;Bounce Man;Anathema;Scaled And Icy;Regional At Best;24;40;02/10/2024
196;Fall Away;Car Radio rab;Twenty One Pilots;Regional At Best;43;14;03/10/2024
197;Cut My Lip;Leave the City;Trench;Trench;25;33;08/10/2024
198;Oldies Station;Migraine;Clancy;Vessel;21;43;08/10/2024
199;Screen;Next Semester;Vessel;Clancy;21;32;08/10/2024
200;A Car, A Torch, A Death;Shy Away;Twenty One Pilots;Scaled And Icy;23;36;08/10/2024
201;Be Concerned;Formidable;Regional At Best;Scaled And Icy;17;33;08/10/2024
202;Overcompensate;Choker;Clancy;Scaled And Icy;46;17;07/04/2025
203;Navigating;Legend;Clancy;Trench;40;17;07/04/2025
204;Vignette;Fairly Local;Clancy;Blurryface;46;17;07/04/2025
205;Not Today;The Hype;Blurryface;Trench;20;41;07/04/2025
206;Guns for Hands;Redecorate;Vessel;Scaled And Icy;27;29;07/04/2025
207;No Chances;Never Take It;Scaled And Icy;Scaled And Icy;48;15;07/04/2025
208;Ride;Doubt;Blurryface;Blurryface;41;18;07/04/2025
209;Goner;The Run and Go;Blurryface;Vessel;33;17;07/04/2025
210;Stressed Out;Heathens;Blurryface;Single;37;14;07/04/2025
211;Heavydirtysoul;Morph;Blurryface;Trench;33;22;07/04/2025
212;Glowing Eyes;Clear;Regional At Best;Regional At Best;26;20;07/04/2025
213;Before You Start Your Day;Implicit Demand For Proof;Twenty One Pilots;Twenty One Pilots;9;36;07/04/2025
214;Snap Back;Good Day;Clancy;Scaled And Icy;43;12;07/04/2025
215;Level of Concern;Holding On To You rab;Single;Regional At Best;34;16;07/04/2025
216;Midwest Indigo;Smithereens;Clancy;Trench;41;17;07/04/2025
217;Taxi Cab;Isle Of Flightless Birds;Twenty One Pilots;Twenty One Pilots;14;34;07/04/2025
218;House of Gold;March To The Sea;Vessel;Twenty One Pilots;39;11;07/04/2025
219;Trapdoor;Tear in My Heart;Twenty One Pilots;Blurryface;31;19;07/04/2025
220;Ode To Sleep rab;Bandito;Regional At Best;Trench;8;43;07/04/2025
221;Truce;Neon Gravestones;Vessel;Trench;18;35;07/04/2025
222;Slowtown;Air Catcher;Regional At Best;Twenty One Pilots;39;13;07/04/2025
223;Paladin Strait;Backslide;Clancy;Clancy;37;20;07/04/2025
224;Message Man;Forest;Blurryface;Regional At Best;35;14;07/04/2025
225;Lane Boy;Levitate;Blurryface;Trench;38;21;07/04/2025
226;Saturday;Johnny Boy;Scaled And Icy;Twenty One Pilots;31;27;07/04/2025
227;Fall Away;Ruby;Twenty One Pilots;Regional At Best;31;19;07/04/2025
228;Friend, Please;Polarize;Twenty One Pilots;Blurryface;16;33;07/04/2025
229;Addict With A Pen;Cut My Lip;Twenty One Pilots;Trench;14;41;07/04/2025
230;Ode to Sleep;Next Semester;Vessel;Clancy;36;18;07/04/2025
231;Routines In The Night;Migraine;Clancy;Vessel;12;36;07/04/2025
232;No Chances;Lavish;Scaled And Icy;Clancy;27;28;07/04/2025
233;Cancer;Be Concerned;Single;Regional At Best;27;14;07/04/2025
234;Pet Cheetah;The Outside;Trench;Scaled And Icy;34;19;07/04/2025
235;Choker;Shy Away;Scaled And Icy;Scaled And Icy;15;36;07/04/2025
236;Semi-Automatic;Vignette;Vessel;Clancy;14;42;07/04/2025
237;Overcompensate;Leave the City;Clancy;Trench;25;39;07/04/2025
238;Fairly Local;Fake You Out;Blurryface;Vessel;20;32;07/04/2025
239;Never Take It;Formidable;Scaled And Icy;Scaled And Icy;35;22;07/04/2025
240;Doubt;Screen;Blurryface;Vessel;19;34;07/04/2025
241;Oldies Station;Kitchen Sink;Clancy;Regional At Best;37;16;08/04/2025
242;A Car, A Torch, A Death;Goner;Twenty One Pilots;Blurryface;8;38;08/04/2025
243;The Judge;Hometown;Blurryface;Blurryface;31;25;08/04/2025
244;Mulberry Street;Not Today;Scaled And Icy;Blurryface;29;13;08/04/2025
245;Snap Back;Heathens;Clancy;Single;27;28;08/04/2025
246;Smithereens;The Craving (Jenna's version);Trench;Clancy;37;13;08/04/2025
247;Lovely;Clear;Regional At Best;Regional At Best;35;8;08/04/2025
248;Navigating;Redecorate;Clancy;Scaled And Icy;21;34;08/04/2025
249;Midwest Indigo;Bounce Man;Clancy;Scaled And Icy;47;12;08/04/2025
250;Trapdoor;March To The Sea;Twenty One Pilots;Twenty One Pilots;37;9;08/04/2025
251;Ride;My Blood;Blurryface;Trench;24;41;08/04/2025
252;Truce;Level of Concern;Vessel;Single;33;21;08/04/2025
253;Holding On To You rab;House Of Gold rab;Regional At Best;Regional At Best;32;11;08/04/2025
254;Morph;Forest;Trench;Regional At Best;36;11;08/04/2025
255;Lane Boy;Jumpsuit;Blurryface;Trench;20;33;08/04/2025
256;Before You Start Your Day;Christmas Saves The Year;Twenty One Pilots;Single;33;13;08/04/2025
257;Tear in My Heart;Isle Of Flightless Birds;Blurryface;Twenty One Pilots;26;32;08/04/2025
258;Taxi Cab;The Hype;Twenty One Pilots;Trench;18;33;08/04/2025
259;Fall Away;The Run and Go;Twenty One Pilots;Vessel;38;12;08/04/2025
260;Migraine;Next Semester;Vessel;Clancy;33;19;08/04/2025
261;Neon Gravestones;Ruby;Trench;Regional At Best;40;7;08/04/2025
262;Air Catcher;Pet Cheetah;Twenty One Pilots;Trench;15;31;08/04/2025
263;House of Gold;Oh Ms Believer;Vessel;Twenty One Pilots;37;6;08/04/2025
264;We Don't Believe What's on TV;Cut My Lip;Blurryface;Trench;17;37;08/04/2025
265;Message Man;Paladin Strait;Blurryface;Clancy;32;16;08/04/2025
266;Polarize;Trees;Blurryface;Vessel;27;28;08/04/2025
267;Legend;Lavish;Trench;Clancy;31;24;08/04/2025
268;Ode to Sleep;Semi-Automatic;Vessel;Vessel;43;12;08/04/2025
269;Fairly Local;Saturday;Blurryface;Scaled And Icy;39;11;08/04/2025
270;The Pantaloon;Guns For Hands rab;Twenty One Pilots;Regional At Best;28;21;08/04/2025
271;The Outside;Choker;Scaled And Icy;Scaled And Icy;27;24;09/04/2025
272;Overcompensate;Anathema;Clancy;Regional At Best;41;27;09/04/2025
273;No Chances;Screen;Scaled And Icy;Vessel;19;35;09/04/2025
274;Shy Away;Fake You Out;Scaled And Icy;Vessel;24;27;09/04/2025
275;Hometown;Slowtown;Blurryface;Regional At Best;21;22;09/04/2025
276;Heavydirtysoul;Leave the City;Blurryface;Trench;29;26;09/04/2025
277;Implicit Demand For Proof;Clear;Twenty One Pilots;Regional At Best;30;11;09/04/2025
278;Johnny Boy;Lovely;Twenty One Pilots;Regional At Best;14;28;09/04/2025
279;Oh Ms Believer;Christmas Saves The Year;Twenty One Pilots;Single;15;34;09/04/2025
280;Smithereens;Formidable;Trench;Scaled And Icy;35;16;09/04/2025
281;Friend, Please;Snap Back;Twenty One Pilots;Clancy;21;30;09/04/2025
282;Mulberry Street;Heathens;Scaled And Icy;Single;28;24;09/04/2025
283;Nico and the Niners;Redecorate;Trench;Scaled And Icy;35;20;09/04/2025
284;Morph;Trapdoor;Trench;Twenty One Pilots;27;21;09/04/2025
285;Not Today;Truce;Blurryface;Vessel;13;33;09/04/2025
286;My Blood;Levitate;Trench;Trench;35;18;09/04/2025
287;At The Risk Of Feeling Dumb;Bandito;Clancy;Trench;28;31;09/04/2025
288;Goner;Fall Away;Blurryface;Twenty One Pilots;22;25;09/04/2025
289;The Hype;House of Gold;Trench;Vessel;35;14;09/04/2025
290;Vignette;Next Semester;Clancy;Clancy;26;29;09/04/2025
291;Migraine;Jumpsuit;Vessel;Trench;27;26;09/04/2025
292;Level of Concern;The Run and Go;Single;Vessel;32;18;09/04/2025
293;Tear in My Heart;The Craving (Jenna's version);Blurryface;Clancy;57;11;09/04/2025
294;Ode to Sleep;Trees;Vessel;Vessel;31;22;09/04/2025
295;Addict With A Pen;Air Catcher;Twenty One Pilots;Twenty One Pilots;35;16;09/04/2025
296;Navigating;Chlorine;Clancy;Trench;25;31;09/04/2025
297;Midwest Indigo;Stressed Out;Clancy;Blurryface;19;28;09/04/2025
298;Kitchen Sink;Pet Cheetah;Regional At Best;Trench;20;31;09/04/2025
299;Lavish;Backslide;Clancy;Clancy;16;39;09/04/2025
300;Fairly Local;Overcompensate;Blurryface;Clancy;14;36;09/04/2025
301;Heavydirtysoul;Guns for Hands;Blurryface;Vessel;45;17;09/04/2025
302;Saturday;Doubt;Scaled And Icy;Blurryface;22;42;09/04/2025
303;Paladin Strait;Oldies Station;Clancy;Clancy;18;34;09/04/2025
304;Anathema;No Chances;Regional At Best;Scaled And Icy;21;32;09/04/2025
305;Message Man;Legend;Blurryface;Trench;38;16;09/04/2025
306;Choker;Semi-Automatic;Scaled And Icy;Vessel;23;26;09/04/2025
307;Implicit Demand For Proof;Isle Of Flightless Birds;Twenty One Pilots;Twenty One Pilots;4;45;09/04/2025
308;Screen;Cut My Lip;Vessel;Trench;20;48;09/04/2025
309;Taxi Cab;Air Catcher;Twenty One Pilots;Twenty One Pilots;34;14;09/04/2025
310;Bandito;Leave the City;Trench;Trench;30;28;09/04/2025
311;Shy Away;Routines In The Night;Scaled And Icy;Clancy;21;34;09/04/2025
312;Ruby;Glowing Eyes;Regional At Best;Regional At Best;27;19;09/04/2025
313;Polarize;Fall Away;Blurryface;Twenty One Pilots;14;36;09/04/2025
314;Morph;Next Semester;Trench;Clancy;26;34;09/04/2025
315;Levitate;The Hype;Trench;Trench;36;18;09/04/2025
316;Never Take It;Not Today;Scaled And Icy;Blurryface;19;30;09/04/2025
317;Mulberry Street;Trapdoor;Scaled And Icy;Twenty One Pilots;22;34;09/04/2025
318;Tear in My Heart;Smithereens;Blurryface;Trench;43;13;09/04/2025
319;Forest;Neon Gravestones;Regional At Best;Trench;28;31;09/04/2025
320;Kitchen Sink;Truce;Regional At Best;Vessel;13;29;09/04/2025
321;Trees rab;Snap Back;Regional At Best;Clancy;8;43;09/04/2025
322;Message Man;Pet Cheetah;Blurryface;Trench;36;26;09/04/2025
323;Paladin Strait;House of Gold;Clancy;Vessel;36;19;09/04/2025
324;Bounce Man;Oh Ms Believer;Scaled And Icy;Twenty One Pilots;21;23;09/04/2025
325;Johnny Boy;The Run and Go;Twenty One Pilots;Vessel;13;36;09/04/2025
326;Clear;Saturday;Regional At Best;Scaled And Icy;14;28;09/04/2025
327;Vignette;Fake You Out;Clancy;Vessel;48;11;09/04/2025
328;Hometown;Addict With A Pen;Blurryface;Twenty One Pilots;29;24;09/04/2025
329;Anathema;March To The Sea;Regional At Best;Twenty One Pilots;36;14;09/04/2025
330;Doubt;The Outside;Blurryface;Scaled And Icy;23;34;09/04/2025
331;Lovely;Semi-Automatic;Regional At Best;Vessel;15;31;09/04/2025
332;Lane Boy;Ride;Blurryface;Blurryface;18;29;09/04/2025
333;Mulberry Street;Backslide;Scaled And Icy;Clancy;25;31;09/04/2025
334;Goner;Paladin Strait;Blurryface;Clancy;16;39;09/04/2025
335;Choker;The Craving (Jenna's version);Scaled And Icy;Clancy;35;10;09/04/2025
336;Lavish;Shy Away;Clancy;Scaled And Icy;16;32;09/04/2025
337;The Outside;Navigating;Scaled And Icy;Clancy;17;43;09/04/2025
338;Friend, Please;Smithereens;Twenty One Pilots;Trench;25;20;09/04/2025
339;Tear in My Heart;Implicit Demand For Proof;Blurryface;Twenty One Pilots;36;11;09/04/2025
340;Bandito;Guns for Hands;Trench;Vessel;22;31;09/04/2025
341;No Chances;Not Today;Scaled And Icy;Blurryface;27;20;09/04/2025
342;Routines In The Night;We Don't Believe What's on TV;Clancy;Blurryface;38;16;09/04/2025
343;Heathens;The Pantaloon;Single;Twenty One Pilots;23;18;09/04/2025
344;Fairly Local;Forest;Blurryface;Regional At Best;22;26;09/04/2025
345;My Blood;Vignette;Trench;Clancy;20;33;09/04/2025
346;Pet Cheetah;Morph;Trench;Trench;18;32;09/04/2025
347;The Judge;Jumpsuit;Blurryface;Trench;17;30;09/04/2025
348;Trees;Isle Of Flightless Birds;Vessel;Twenty One Pilots;25;21;09/04/2025
349;Formidable;Two;Scaled And Icy;Regional At Best;32;10;09/04/2025
350;Next Semester;Neon Gravestones;Clancy;Trench;40;17;09/04/2025
351;Screen;Taxi Cab;Vessel;Twenty One Pilots;32;18;09/04/2025
352;Leave the City;Navigating;Trench;Clancy;28;26;09/04/2025
353;Chlorine;Oldies Station;Trench;Clancy;32;24;09/04/2025
354;Cut My Lip;Paladin Strait;Trench;Clancy;36;18;09/04/2025
355;Ruby;Semi-Automatic;Regional At Best;Vessel;14;30;09/04/2025
356;Lavish;Mulberry Street;Clancy;Scaled And Icy;20;31;09/04/2025
357;Message Man;Overcompensate;Blurryface;Clancy;29;18;09/04/2025
358;Polarize;Air Catcher;Blurryface;Twenty One Pilots;17;31;09/04/2025
359;Guns for Hands;Ode to Sleep;Vessel;Vessel;19;28;09/04/2025
360;We Don't Believe What's on TV;Addict With A Pen;Blurryface;Twenty One Pilots;17;34;09/04/2025
361;Chlorine;Migraine;Trench;Vessel;18;28;09/04/2025
362;House of Gold;Level of Concern;Vessel;Single;25;32;09/04/2025
363;Backslide;Levitate;Clancy;Trench;29;30;09/04/2025
364;Fall Away;My Blood;Twenty One Pilots;Trench;14;33;09/04/2025
365;Choker;Friend, Please;Scaled And Icy;Twenty One Pilots;31;22;09/04/2025
366;Forest;Routines In The Night;Regional At Best;Clancy;25;23;09/04/2025
367;Legend;Hometown;Trench;Blurryface;20;35;09/04/2025
368;Shy Away;Fairly Local;Scaled And Icy;Blurryface;36;17;09/04/2025
369;March To The Sea;Glowing Eyes;Twenty One Pilots;Regional At Best;15;29;09/04/2025
370;Not Today;Bounce Man;Blurryface;Scaled And Icy;36;11;09/04/2025
371;Anathema;Midwest Indigo;Regional At Best;Clancy;14;38;09/04/2025
372;Trapdoor;Vignette;Twenty One Pilots;Clancy;23;34;09/04/2025
373;The Hype;Semi-Automatic;Trench;Vessel;26;22;09/04/2025
374;The Craving (Jenna's version);Holding On To You rab;Clancy;Regional At Best;37;11;09/04/2025
375;Stressed Out;House of Gold;Blurryface;Vessel;38;13;10/04/2025
376;Tear in My Heart;Levitate;Blurryface;Trench;24;19;12/04/2025
377;Before You Start Your Day;Doubt;Twenty One Pilots;Blurryface;12;30;12/04/2025
378;Leave the City;Trees;Trench;Vessel;32;25;14/04/2025
379;My Blood;Paladin Strait;Trench;Clancy;32;17;16/04/2025
380;Ride;Isle Of Flightless Birds;Blurryface;Twenty One Pilots;23;24;16/04/2025
381;The Judge;Oldies Station;Blurryface;Clancy;21;27;17/04/2025
382;Smithereens;Never Take It;Trench;Scaled And Icy;20;12;17/04/2025
383;At The Risk Of Feeling Dumb;Navigating;Clancy;Clancy;16;27;19/04/2025
384;Chlorine;Redecorate;Trench;Scaled And Icy;14;20;19/04/2025
385;Pet Cheetah;Slowtown;Trench;Regional At Best;21;20;21/04/2025
386;Anathema;Clear;Regional At Best;Regional At Best;26;19;22/04/2025
387;Bandito;Neon Gravestones;Trench;Trench;24;10;22/04/2025
388;Routines In The Night;Ruby;Clancy;Regional At Best;19;11;23/04/2025
389;Lane Boy;Cut My Lip;Blurryface;Trench;9;23;24/04/2025
390;Fall Away;Hometown;Twenty One Pilots;Blurryface;21;25;27/04/2025
391;Truce;The Outside;Vessel;Scaled And Icy;29;18;27/04/2025
392;Overcompensate;Morph;Clancy;Trench;16;28;28/04/2025
393;Snap Back;Lavish;Clancy;Clancy;26;13;28/04/2025
394;Redecorate;Migraine;Scaled And Icy;Vessel;18;24;30/04/2025
395;Lovely;Midwest Indigo;Regional At Best;Clancy;13;30;01/05/2025
396;Good Day;Guns For Hands rab;Scaled And Icy;Regional At Best;9;37;02/05/2025
397;Clear;Before You Start Your Day;Regional At Best;Twenty One Pilots;25;9;02/05/2025
398;Implicit Demand For Proof;The Pantaloon;Twenty One Pilots;Twenty One Pilots;21;12;03/05/2025
399;Message Man;Isle Of Flightless Birds;Blurryface;Twenty One Pilots;25;26;05/05/2025
400;The Judge;Vignette;Blurryface;Clancy;23;33;07/05/2025
401;Oldies Station;At The Risk Of Feeling Dumb;Clancy;Clancy;25;21;07/05/2025
402;Trees rab;Christmas Saves The Year;Regional At Best;Single;7;29;08/05/2025
403;House of Gold;Formidable;Vessel;Scaled And Icy;32;11;09/05/2025
404;Fall Away;Taxi Cab;Twenty One Pilots;Twenty One Pilots;27;12;12/05/2025
405;Bounce Man;Be Concerned;Scaled And Icy;Regional At Best;28;15;12/05/2025