Title;Album;Victories;Defeats;LosingSongs
Implicit Demand For Proof;Twenty One Pilots;4;4;Two;Cancer;Before You Start Your Day;Bounce Man;Clear;Be Concerned;Oh Ms Believer;Christmas Saves The Year
Fall Away;Twenty One Pilots;7;2;Lavish;Level of Concern;Ode To Sleep rab;Cancer;Time To Say Goodbye;Choker;Anathema;Doubt;House of Gold;No Chances;Fairly Local;Two;House Of Gold rab;Stressed Out;Glowing Eyes;Guns For Hands rab;Car Radio rab;Bounce Man;The Outside;Holding On To You rab;Saturday;Goner;The Run and Go;Johnny Boy;Clear;The Pantaloon;Truce;Not Today;Polarize;Midwest Indigo;Never Take It;Fake You Out;Be Concerned;The Craving (Jenna's version);Before You Start Your Day;A Car, A Torch, A Death;Heathens;Shy Away;Friend, Please;Christmas Saves The Year;Smithereens;March To The Sea;Ruby;Formidable;Implicit Demand For Proof;Lovely;Trees rab;Kitchen Sink;Snap Back;Good Day;Oh Ms Believer
The Pantaloon;Twenty One Pilots;2;4;Two;Be Concerned;Good Day;Guns For Hands rab
Addict With A Pen;Twenty One Pilots;3;5;Lavish;Level of Concern;Goner;The Run and Go;Johnny Boy;Clear;The Pantaloon;Truce;Polarize;Not Today;Air Catcher;Midwest Indigo;Never Take It;Ode To Sleep rab;Fake You Out;Be Concerned;Cancer;Time To Say Goodbye;Choker;Before You Start Your Day;The Craving (Jenna's version);A Car, A Torch, A Death;We Don't Believe What's on TV;Anathema;Doubt;House of Gold;No Chances;Heathens;Shy Away;Fairly Local;Friend, Please;Christmas Saves The Year;Two;Smithereens;House Of Gold rab;March To The Sea;Stressed Out;Glowing Eyes;Guns For Hands rab;Car Radio rab;Formidable;Kitchen Sink;Implicit Demand For Proof;Trees rab;Bounce Man;Lovely;The Outside;Snap Back;Good Day;Holding On To You rab;Saturday;Oh Ms Believer
Friend, Please;Twenty One Pilots;3;4;Johnny Boy;Clear;Two;Christmas Saves The Year;Smithereens;House Of Gold rab;Guns For Hands rab;Never Take It;Formidable;Be Concerned;Bounce Man;Cancer;Good Day;Before You Start Your Day;The Craving (Jenna's version);Holding On To You rab;Saturday;Oh Ms Believer;Doubt
March To The Sea;Twenty One Pilots;0;8;
Johnny Boy;Twenty One Pilots;1;7;Bounce Man;Oh Ms Believer;Christmas Saves The Year
Oh Ms Believer;Twenty One Pilots;1;5;Bounce Man
Air Catcher;Twenty One Pilots;2;6;Lavish;Level of Concern;Goner;The Run and Go;Johnny Boy;Clear;The Pantaloon;Truce;Polarize;Not Today;Midwest Indigo;Never Take It;Ode To Sleep rab;Fake You Out;Be Concerned;Cancer;Time To Say Goodbye;Choker;Before You Start Your Day;The Craving (Jenna's version);A Car, A Torch, A Death;Anathema;Doubt;House of Gold;No Chances;Heathens;Shy Away;Fairly Local;Friend, Please;Christmas Saves The Year;Two;Smithereens;House Of Gold rab;March To The Sea;Stressed Out;Glowing Eyes;Guns For Hands rab;Car Radio rab;Formidable;Kitchen Sink;Implicit Demand For Proof;Trees rab;Bounce Man;Lovely;The Outside;Snap Back;Good Day;Holding On To You rab;Saturday;Oh Ms Believer
Trapdoor;Twenty One Pilots;4;3;Lavish;Level of Concern;The Hype;Taxi Cab;Ode To Sleep rab;Cancer;Time To Say Goodbye;Choker;Routines In The Night;Anathema;House of Gold;Doubt;No Chances;Fairly Local;Semi-Automatic;Two;House Of Gold rab;Stressed Out;Glowing Eyes;Guns For Hands rab;Screen;Car Radio rab;Bounce Man;The Outside;Holding On To You rab;Saturday;Addict With A Pen;Goner;The Run and Go;Johnny Boy;Clear;The Pantaloon;Truce;Legend;Not Today;Polarize;Air Catcher;Tear in My Heart;Midwest Indigo;Never Take It;Fake You Out;Be Concerned;Backslide;Before You Start Your Day;The Craving (Jenna's version);A Car, A Torch, A Death;Hometown;We Don't Believe What's on TV;Heathens;Shy Away;Friend, Please;Mulberry Street;Christmas Saves The Year;Smithereens;March To The Sea;Levitate;Ruby;Formidable;Implicit Demand For Proof;Kitchen Sink;Trees rab;Lovely;Snap Back;Good Day;Oh Ms Believer
A Car, A Torch, A Death;Twenty One Pilots;5;6;Level of Concern;The Run and Go;Johnny Boy;Clear;The Pantaloon;Not Today;Midwest Indigo;Never Take It;Be Concerned;Cancer;Time To Say Goodbye;Before You Start Your Day;The Craving (Jenna's version);Anathema;House of Gold;Doubt;No Chances;Heathens;Friend, Please;Christmas Saves The Year;Two;Smithereens;House Of Gold rab;March To The Sea;Stressed Out;Glowing Eyes;Guns For Hands rab;Car Radio rab;Formidable;Implicit Demand For Proof;Trees rab;Bounce Man;Snap Back;Good Day;Holding On To You rab;Saturday;Oh Ms Believer
Taxi Cab;Twenty One Pilots;3;5;Lavish;Level of Concern;Ode To Sleep rab;Cancer;Time To Say Goodbye;Choker;Anathema;Doubt;House of Gold;No Chances;Fairly Local;Two;House Of Gold rab;Stressed Out;Glowing Eyes;Guns For Hands rab;Car Radio rab;Bounce Man;The Outside;Holding On To You rab;Saturday;Goner;The Run and Go;Johnny Boy;Clear;The Pantaloon;Truce;Polarize;Not Today;Air Catcher;Midwest Indigo;Never Take It;Fake You Out;Be Concerned;Before You Start Your Day;The Craving (Jenna's version);A Car, A Torch, A Death;Heathens;Shy Away;Friend, Please;Christmas Saves The Year;Smithereens;March To The Sea;Formidable;Kitchen Sink;Implicit Demand For Proof;Trees rab;Lovely;Snap Back;Good Day;Oh Ms Believer
Before You Start Your Day;Twenty One Pilots;1;5;Bounce Man;Oh Ms Believer;Christmas Saves The Year
Isle Of Flightless Birds;Twenty One Pilots;5;3;Lavish;Level of Concern;The Hype;Taxi Cab;Ode To Sleep rab;Cancer;Time To Say Goodbye;Choker;Routines In The Night;Anathema;House of Gold;Doubt;No Chances;Fairly Local;Semi-Automatic;Two;House Of Gold rab;Stressed Out;Glowing Eyes;Guns For Hands rab;Ride;Screen;Car Radio rab;Bounce Man;The Outside;Holding On To You rab;Saturday;Addict With A Pen;Goner;The Run and Go;Johnny Boy;Clear;The Pantaloon;Truce;Legend;Not Today;Polarize;Air Catcher;Tear in My Heart;Midwest Indigo;Never Take It;Fake You Out;Be Concerned;Backslide;Before You Start Your Day;The Craving (Jenna's version);A Car, A Torch, A Death;Hometown;We Don't Believe What's on TV;Heathens;Shy Away;Friend, Please;Mulberry Street;Christmas Saves The Year;Smithereens;March To The Sea;Levitate;Ruby;Lane Boy;Formidable;Kitchen Sink;Implicit Demand For Proof;Trees rab;Lovely;Snap Back;Good Day;Oh Ms Believer
Guns For Hands rab;Regional At Best;1;5;Be Concerned
Holding On To You rab;Regional At Best;2;4;Be Concerned;Johnny Boy;Bounce Man;Clear;Christmas Saves The Year;Cancer;House Of Gold rab;Saturday;Oh Ms Believer
Ode To Sleep rab;Regional At Best;2;3;The Pantaloon;Two;Cancer;Good Day;Clear;Be Concerned;Guns For Hands rab
Slowtown;Regional At Best;4;3;Lavish;Level of Concern;Taxi Cab;Ode To Sleep rab;Cancer;Time To Say Goodbye;Choker;Routines In The Night;Anathema;House of Gold;Doubt;No Chances;Fairly Local;Semi-Automatic;Two;House Of Gold rab;Stressed Out;Glowing Eyes;Guns For Hands rab;Screen;Car Radio rab;Bounce Man;The Outside;Holding On To You rab;Saturday;Addict With A Pen;Goner;The Run and Go;Johnny Boy;Clear;The Pantaloon;Truce;Legend;Not Today;Polarize;Air Catcher;Midwest Indigo;Never Take It;Fake You Out;Be Concerned;Before You Start Your Day;The Craving (Jenna's version);A Car, A Torch, A Death;Hometown;We Don't Believe What's on TV;Heathens;Shy Away;Friend, Please;Christmas Saves The Year;Smithereens;March To The Sea;Ruby;Formidable;Implicit Demand For Proof;Lovely;Trees rab;Kitchen Sink;Snap Back;Good Day;Oh Ms Believer
Car Radio rab;Regional At Best;2;2;Be Concerned;Johnny Boy;Bounce Man;Clear;Christmas Saves The Year;Cancer;The Craving (Jenna's version);House Of Gold rab;Holding On To You rab;Saturday;Oh Ms Believer
Forest;Regional At Best;5;5;Lavish;Level of Concern;The Hype;Taxi Cab;Ode To Sleep rab;Cancer;Time To Say Goodbye;Choker;Routines In The Night;Anathema;Doubt;House of Gold;No Chances;Fairly Local;Semi-Automatic;Two;House Of Gold rab;Stressed Out;Glowing Eyes;Guns For Hands rab;Screen;Car Radio rab;Bounce Man;The Outside;Holding On To You rab;Saturday;Addict With A Pen;Goner;The Run and Go;Johnny Boy;Clear;The Pantaloon;Truce;Legend;Not Today;Polarize;Air Catcher;Midwest Indigo;Never Take It;Fake You Out;Be Concerned;Backslide;Before You Start Your Day;The Craving (Jenna's version);A Car, A Torch, A Death;Hometown;We Don't Believe What's on TV;Heathens;Shy Away;Friend, Please;Mulberry Street;Christmas Saves The Year;Smithereens;March To The Sea;Levitate;Ruby;Formidable;Implicit Demand For Proof;Kitchen Sink;Trees rab;Lovely;Snap Back;Good Day;Oh Ms Believer
Glowing Eyes;Regional At Best;2;4;Cancer;Be Concerned;March To The Sea;Clear
Kitchen Sink;Regional At Best;1;7;Lavish;Level of Concern;Goner;The Run and Go;Johnny Boy;Clear;The Pantaloon;Not Today;Midwest Indigo;Never Take It;Ode To Sleep rab;Fake You Out;Be Concerned;Cancer;Time To Say Goodbye;Choker;Before You Start Your Day;The Craving (Jenna's version);A Car, A Torch, A Death;Anathema;House of Gold;Doubt;No Chances;Heathens;Shy Away;Fairly Local;Friend, Please;Christmas Saves The Year;Two;Smithereens;House Of Gold rab;March To The Sea;Stressed Out;Glowing Eyes;Guns For Hands rab;Car Radio rab;Formidable;Implicit Demand For Proof;Lovely;Trees rab;Bounce Man;Snap Back;Good Day;Holding On To You rab;Saturday;Oh Ms Believer
Anathema;Regional At Best;5;4;Be Concerned;Trees rab;Johnny Boy;Bounce Man;Clear;Christmas Saves The Year;Cancer;March To The Sea;Oh Ms Believer
Lovely;Regional At Best;3;3;Never Take It;Formidable;Be Concerned;Johnny Boy;Bounce Man;Clear;Two;Cancer;Christmas Saves The Year;Good Day;Oh Ms Believer
Ruby;Regional At Best;2;5;Holding On To You rab;Johnny Boy;Friend, Please;Clear;The Pantaloon;Two;Christmas Saves The Year;Smithereens;House Of Gold rab;March To The Sea;Glowing Eyes;Guns For Hands rab;Never Take It;Ode To Sleep rab;Formidable;Be Concerned;Bounce Man;Cancer;Choker;Good Day;The Craving (Jenna's version);Before You Start Your Day;Saturday;Oh Ms Believer;Doubt
Trees rab;Regional At Best;0;3;
Be Concerned;Regional At Best;0;4;
Clear;Regional At Best;1;8;Cancer;Be Concerned
House Of Gold rab;Regional At Best;1;2;Be Concerned;Johnny Boy;Bounce Man;Clear;Christmas Saves The Year;Cancer;Saturday;Oh Ms Believer
Two;Regional At Best;0;4;
Ode to Sleep;Vessel;7;2;Morph;Jumpsuit;Ode To Sleep rab;Next Semester;Slowtown;Isle Of Flightless Birds;Cancer;Routines In The Night;Anathema;House of Gold;Doubt;Semi-Automatic;Two;Stressed Out;Ride;Neon Gravestones;The Outside;Addict With A Pen;Goner;The Run and Go;Johnny Boy;Truce;Legend;Air Catcher;Tear in My Heart;Leave the City;Fake You Out;Vignette;Before You Start Your Day;The Craving (Jenna's version);A Car, A Torch, A Death;Heathens;Shy Away;Friend, Please;Bandito;March To The Sea;Overcompensate;Ruby;Lane Boy;Formidable;Kitchen Sink;Lovely;Trees rab;Good Day;Lavish;Level of Concern;The Hype;Forest;Cut My Lip;Taxi Cab;Navigating;Time To Say Goodbye;Choker;No Chances;Fairly Local;The Judge;House Of Gold rab;Glowing Eyes;Guns For Hands rab;Fall Away;Guns for Hands;Screen;Car Radio rab;Bounce Man;Holding On To You rab;Saturday;Clear;The Pantaloon;Not Today;Polarize;Trees;Midwest Indigo;Never Take It;Message Man;Be Concerned;Backslide;Hometown;We Don't Believe What's on TV;Paladin Strait;Mulberry Street;Christmas Saves The Year;Smithereens;My Blood;At The Risk Of Feeling Dumb;Levitate;Trapdoor;Pet Cheetah;Implicit Demand For Proof;Snap Back;Oh Ms Believer
Holding on to You;Vessel;6;0;Morph;Jumpsuit;Car Radio;Ode To Sleep rab;Slowtown;Next Semester;Isle Of Flightless Birds;Cancer;Routines In The Night;Anathema;House of Gold;Doubt;Semi-Automatic;Two;Chlorine;Stressed Out;Ride;Ode to Sleep;Neon Gravestones;The Outside;Nico and the Niners;Addict With A Pen;Goner;The Run and Go;Johnny Boy;Truce;Legend;Air Catcher;Tear in My Heart;Leave the City;Fake You Out;Vignette;Before You Start Your Day;The Craving (Jenna's version);A Car, A Torch, A Death;Heathens;Shy Away;Friend, Please;Bandito;March To The Sea;Overcompensate;Ruby;Lane Boy;Formidable;Kitchen Sink;Lovely;Trees rab;Good Day;Lavish;Level of Concern;The Hype;Forest;Cut My Lip;Taxi Cab;Navigating;Migraine;Time To Say Goodbye;Choker;No Chances;Fairly Local;The Judge;House Of Gold rab;Redecorate;Glowing Eyes;Guns For Hands rab;Fall Away;Guns for Hands;Screen;Car Radio rab;Bounce Man;Holding On To You rab;Saturday;Clear;The Pantaloon;Not Today;Polarize;Trees;Midwest Indigo;Never Take It;Message Man;Be Concerned;Backslide;Heavydirtysoul;Hometown;We Don't Believe What's on TV;Paladin Strait;Oldies Station;Mulberry Street;Christmas Saves The Year;Smithereens;My Blood;At The Risk Of Feeling Dumb;Levitate;Trapdoor;Pet Cheetah;Implicit Demand For Proof;Snap Back;Oh Ms Believer
Migraine;Vessel;7;1;Morph;Jumpsuit;Ode To Sleep rab;Slowtown;Next Semester;Isle Of Flightless Birds;Cancer;Routines In The Night;Anathema;House of Gold;Doubt;Semi-Automatic;Two;Chlorine;Stressed Out;Ride;Neon Gravestones;The Outside;Addict With A Pen;Goner;The Run and Go;Johnny Boy;Truce;Legend;Air Catcher;Tear in My Heart;Leave the City;Fake You Out;Vignette;Before You Start Your Day;The Craving (Jenna's version);A Car, A Torch, A Death;Heathens;Shy Away;Friend, Please;Bandito;March To The Sea;Overcompensate;Ruby;Lane Boy;Formidable;Kitchen Sink;Lovely;Trees rab;Good Day;Lavish;Level of Concern;The Hype;Forest;Cut My Lip;Taxi Cab;Navigating;Time To Say Goodbye;Choker;No Chances;Fairly Local;The Judge;House Of Gold rab;Glowing Eyes;Guns For Hands rab;Fall Away;Guns for Hands;Screen;Car Radio rab;Bounce Man;Holding On To You rab;Saturday;Clear;The Pantaloon;Not Today;Polarize;Trees;Midwest Indigo;Never Take It;Message Man;Be Concerned;Backslide;Hometown;We Don't Believe What's on TV;Paladin Strait;Oldies Station;Mulberry Street;Christmas Saves The Year;Smithereens;My Blood;At The Risk Of Feeling Dumb;Levitate;Trapdoor;Pet Cheetah;Implicit Demand For Proof;Snap Back;Oh Ms Believer
House of Gold;Vessel;4;6;Be Concerned;Johnny Boy;Bounce Man;Clear;Cancer;Christmas Saves The Year;House Of Gold rab;Holding On To You rab;March To The Sea;Saturday;Oh Ms Believer;Glowing Eyes
Car Radio;Vessel;7;1;Morph;Jumpsuit;Ode To Sleep rab;Next Semester;Slowtown;Isle Of Flightless Birds;Cancer;Routines In The Night;Anathema;Doubt;House of Gold;Semi-Automatic;Two;Chlorine;Stressed Out;Ride;Ode to Sleep;Neon Gravestones;The Outside;Nico and the Niners;Addict With A Pen;Goner;The Run and Go;Johnny Boy;Truce;Legend;Air Catcher;Tear in My Heart;Leave the City;Fake You Out;Vignette;Before You Start Your Day;The Craving (Jenna's version);A Car, A Torch, A Death;Heathens;Shy Away;Friend, Please;Bandito;March To The Sea;Overcompensate;Ruby;Lane Boy;Formidable;Kitchen Sink;Lovely;Trees rab;Good Day;Lavish;Level of Concern;The Hype;Forest;Cut My Lip;Taxi Cab;Navigating;Migraine;Time To Say Goodbye;Choker;No Chances;Fairly Local;The Judge;House Of Gold rab;Redecorate;Glowing Eyes;Guns For Hands rab;Fall Away;Guns for Hands;Screen;Car Radio rab;Bounce Man;Holding On To You rab;Saturday;Clear;The Pantaloon;Not Today;Polarize;Trees;Midwest Indigo;Never Take It;Message Man;Be Concerned;Backslide;Heavydirtysoul;Hometown;We Don't Believe What's on TV;Paladin Strait;Oldies Station;Mulberry Street;Christmas Saves The Year;Smithereens;My Blood;At The Risk Of Feeling Dumb;Levitate;Trapdoor;Pet Cheetah;Implicit Demand For Proof;Snap Back;Oh Ms Believer
Semi-Automatic;Vessel;5;6;Lavish;Level of Concern;Goner;The Run and Go;Johnny Boy;Clear;The Pantaloon;Truce;Taxi Cab;Not Today;Polarize;Air Catcher;Midwest Indigo;Never Take It;Ode To Sleep rab;Fake You Out;Be Concerned;Cancer;Time To Say Goodbye;Choker;Routines In The Night;Before You Start Your Day;The Craving (Jenna's version);A Car, A Torch, A Death;We Don't Believe What's on TV;Anathema;House of Gold;Doubt;No Chances;Heathens;Shy Away;Fairly Local;Friend, Please;Christmas Saves The Year;Two;Smithereens;House Of Gold rab;March To The Sea;Stressed Out;Glowing Eyes;Guns For Hands rab;Screen;Ruby;Car Radio rab;Formidable;Implicit Demand For Proof;Kitchen Sink;Trees rab;Bounce Man;Lovely;The Outside;Snap Back;Good Day;Holding On To You rab;Saturday;Oh Ms Believer
Screen;Vessel;5;4;Lavish;Level of Concern;Taxi Cab;Ode To Sleep rab;Cancer;Time To Say Goodbye;Choker;Routines In The Night;Anathema;House of Gold;Doubt;No Chances;Fairly Local;Two;House Of Gold rab;Stressed Out;Glowing Eyes;Guns For Hands rab;Car Radio rab;Bounce Man;The Outside;Holding On To You rab;Saturday;Goner;The Run and Go;Johnny Boy;Clear;The Pantaloon;Truce;Not Today;Polarize;Air Catcher;Midwest Indigo;Never Take It;Fake You Out;Be Concerned;Before You Start Your Day;The Craving (Jenna's version);A Car, A Torch, A Death;We Don't Believe What's on TV;Heathens;Shy Away;Friend, Please;Christmas Saves The Year;Smithereens;March To The Sea;Ruby;Formidable;Implicit Demand For Proof;Kitchen Sink;Trees rab;Lovely;Snap Back;Good Day;Oh Ms Believer
The Run and Go;Vessel;3;5;Be Concerned;Johnny Boy;Bounce Man;Clear;Christmas Saves The Year;Cancer;Before You Start Your Day;Oh Ms Believer
Fake You Out;Vessel;3;4;Lavish;Level of Concern;The Run and Go;Johnny Boy;Clear;The Pantaloon;Not Today;Midwest Indigo;Never Take It;Ode To Sleep rab;Be Concerned;Cancer;Time To Say Goodbye;Choker;Before You Start Your Day;The Craving (Jenna's version);A Car, A Torch, A Death;Anathema;House of Gold;Doubt;No Chances;Heathens;Shy Away;Fairly Local;Friend, Please;Christmas Saves The Year;Two;Smithereens;House Of Gold rab;March To The Sea;Stressed Out;Glowing Eyes;Guns For Hands rab;Car Radio rab;Formidable;Implicit Demand For Proof;Trees rab;Bounce Man;Snap Back;Good Day;Holding On To You rab;Saturday;Oh Ms Believer
Guns for Hands;Vessel;7;6;Morph;Jumpsuit;Ode To Sleep rab;Slowtown;Isle Of Flightless Birds;Cancer;Routines In The Night;Anathema;House of Gold;Doubt;Semi-Automatic;Two;Stressed Out;Ride;Neon Gravestones;The Outside;Addict With A Pen;Goner;The Run and Go;Johnny Boy;Truce;Legend;Air Catcher;Tear in My Heart;Leave the City;Fake You Out;Before You Start Your Day;The Craving (Jenna's version);A Car, A Torch, A Death;Heathens;Shy Away;Friend, Please;Bandito;March To The Sea;Overcompensate;Ruby;Lane Boy;Formidable;Kitchen Sink;Lovely;Trees rab;Good Day;Lavish;Level of Concern;The Hype;Cut My Lip;Forest;Taxi Cab;Navigating;Time To Say Goodbye;Choker;No Chances;Fairly Local;The Judge;House Of Gold rab;Glowing Eyes;Guns For Hands rab;Screen;Car Radio rab;Bounce Man;Holding On To You rab;Saturday;Clear;The Pantaloon;Not Today;Polarize;Trees;Midwest Indigo;Never Take It;Message Man;Be Concerned;Backslide;Hometown;We Don't Believe What's on TV;Paladin Strait;Mulberry Street;Christmas Saves The Year;Smithereens;At The Risk Of Feeling Dumb;Levitate;Trapdoor;Pet Cheetah;Implicit Demand For Proof;Snap Back;Oh Ms Believer
Trees;Vessel;6;4;Lavish;Level of Concern;The Hype;Taxi Cab;Ode To Sleep rab;Isle Of Flightless Birds;Cancer;Time To Say Goodbye;Choker;Routines In The Night;Anathema;House of Gold;Doubt;No Chances;Fairly Local;Semi-Automatic;Two;House Of Gold rab;Stressed Out;Glowing Eyes;Guns For Hands rab;Ride;Screen;Car Radio rab;Bounce Man;The Outside;Holding On To You rab;Saturday;Addict With A Pen;Goner;The Run and Go;Johnny Boy;Clear;The Pantaloon;Truce;Legend;Not Today;Polarize;Air Catcher;Tear in My Heart;Midwest Indigo;Never Take It;Fake You Out;Be Concerned;Backslide;Before You Start Your Day;The Craving (Jenna's version);A Car, A Torch, A Death;Hometown;We Don't Believe What's on TV;Heathens;Paladin Strait;Shy Away;Friend, Please;Mulberry Street;Christmas Saves The Year;Smithereens;March To The Sea;Levitate;Ruby;Trapdoor;Lane Boy;Formidable;Implicit Demand For Proof;Kitchen Sink;Trees rab;Lovely;Snap Back;Good Day;Oh Ms Believer
Truce;Vessel;5;4;Lavish;Level of Concern;Ode To Sleep rab;Cancer;Time To Say Goodbye;Choker;Anathema;House of Gold;Doubt;No Chances;Fairly Local;Two;House Of Gold rab;Stressed Out;Glowing Eyes;Guns For Hands rab;Car Radio rab;Bounce Man;Holding On To You rab;Saturday;Goner;The Run and Go;Johnny Boy;Clear;The Pantaloon;Not Today;Midwest Indigo;Never Take It;Fake You Out;Be Concerned;Before You Start Your Day;The Craving (Jenna's version);A Car, A Torch, A Death;Heathens;Shy Away;Friend, Please;Christmas Saves The Year;Smithereens;March To The Sea;Formidable;Kitchen Sink;Implicit Demand For Proof;Lovely;Trees rab;Snap Back;Good Day;Oh Ms Believer
Heavydirtysoul;Blurryface;8;1;Morph;Jumpsuit;Ode To Sleep rab;Slowtown;Next Semester;Isle Of Flightless Birds;Cancer;Routines In The Night;Anathema;House of Gold;Doubt;Semi-Automatic;Two;Chlorine;Stressed Out;Ride;Ode to Sleep;Neon Gravestones;The Outside;Addict With A Pen;Goner;The Run and Go;Johnny Boy;Truce;Legend;Air Catcher;Tear in My Heart;Leave the City;Fake You Out;Vignette;Before You Start Your Day;The Craving (Jenna's version);A Car, A Torch, A Death;Heathens;Shy Away;Friend, Please;Bandito;March To The Sea;Overcompensate;Ruby;Lane Boy;Formidable;Kitchen Sink;Lovely;Trees rab;Good Day;Lavish;Level of Concern;The Hype;Forest;Cut My Lip;Taxi Cab;Navigating;Migraine;Time To Say Goodbye;Choker;No Chances;Fairly Local;The Judge;House Of Gold rab;Glowing Eyes;Guns For Hands rab;Fall Away;Guns for Hands;Screen;Car Radio rab;Bounce Man;Holding On To You rab;Saturday;Clear;The Pantaloon;Not Today;Polarize;Trees;Midwest Indigo;Never Take It;Message Man;Be Concerned;Backslide;Hometown;We Don't Believe What's on TV;Paladin Strait;Oldies Station;Mulberry Street;Christmas Saves The Year;Smithereens;My Blood;At The Risk Of Feeling Dumb;Levitate;Trapdoor;Pet Cheetah;Implicit Demand For Proof;Snap Back;Oh Ms Believer
Stressed Out;Blurryface;5;2;Johnny Boy;Clear;The Pantaloon;Midwest Indigo;Never Take It;Be Concerned;Cancer;Before You Start Your Day;The Craving (Jenna's version);Anathema;Doubt;House of Gold;Heathens;Friend, Please;Christmas Saves The Year;Two;Smithereens;House Of Gold rab;March To The Sea;Glowing Eyes;Guns For Hands rab;Car Radio rab;Formidable;Implicit Demand For Proof;Trees rab;Bounce Man;Snap Back;Good Day;Holding On To You rab;Saturday;Oh Ms Believer
Ride;Blurryface;6;4;Lavish;Level of Concern;The Hype;Taxi Cab;Ode To Sleep rab;Cancer;Time To Say Goodbye;Choker;Routines In The Night;Anathema;Doubt;House of Gold;No Chances;Fairly Local;Semi-Automatic;Two;House Of Gold rab;Stressed Out;Glowing Eyes;Guns For Hands rab;Screen;Car Radio rab;Bounce Man;The Outside;Holding On To You rab;Saturday;Addict With A Pen;Goner;The Run and Go;Johnny Boy;Clear;The Pantaloon;Truce;Legend;Polarize;Not Today;Air Catcher;Midwest Indigo;Never Take It;Fake You Out;Be Concerned;Backslide;Before You Start Your Day;The Craving (Jenna's version);A Car, A Torch, A Death;Hometown;We Don't Believe What's on TV;Heathens;Shy Away;Friend, Please;Mulberry Street;Christmas Saves The Year;Smithereens;March To The Sea;Levitate;Ruby;Lane Boy;Formidable;Kitchen Sink;Implicit Demand For Proof;Trees rab;Lovely;Snap Back;Good Day;Oh Ms Believer
Fairly Local;Blurryface;1;7;Be Concerned;Johnny Boy;Bounce Man;Clear;Christmas Saves The Year;Cancer;Saturday;Oh Ms Believer
Tear in My Heart;Blurryface;5;4;Lavish;Level of Concern;The Hype;Taxi Cab;Ode To Sleep rab;Cancer;Time To Say Goodbye;Choker;Routines In The Night;Anathema;Doubt;House of Gold;No Chances;Fairly Local;Semi-Automatic;Two;House Of Gold rab;Stressed Out;Glowing Eyes;Guns For Hands rab;Screen;Car Radio rab;Bounce Man;The Outside;Holding On To You rab;Saturday;Addict With A Pen;Goner;The Run and Go;Johnny Boy;Clear;The Pantaloon;Truce;Legend;Not Today;Polarize;Air Catcher;Midwest Indigo;Never Take It;Fake You Out;Be Concerned;Backslide;The Craving (Jenna's version);Before You Start Your Day;A Car, A Torch, A Death;Hometown;We Don't Believe What's on TV;Heathens;Shy Away;Friend, Please;Mulberry Street;Christmas Saves The Year;Smithereens;March To The Sea;Levitate;Ruby;Formidable;Implicit Demand For Proof;Kitchen Sink;Trees rab;Lovely;Snap Back;Good Day;Oh Ms Believer
Lane Boy;Blurryface;4;6;Lavish;Level of Concern;The Hype;Taxi Cab;Ode To Sleep rab;Cancer;Time To Say Goodbye;Choker;Routines In The Night;Anathema;Doubt;House of Gold;No Chances;Fairly Local;Semi-Automatic;Two;House Of Gold rab;Stressed Out;Glowing Eyes;Guns For Hands rab;Screen;Car Radio rab;Bounce Man;The Outside;Holding On To You rab;Saturday;Addict With A Pen;Goner;The Run and Go;Johnny Boy;Clear;The Pantaloon;Truce;Legend;Not Today;Polarize;Air Catcher;Midwest Indigo;Never Take It;Fake You Out;Be Concerned;Backslide;Before You Start Your Day;The Craving (Jenna's version);A Car, A Torch, A Death;Hometown;We Don't Believe What's on TV;Heathens;Shy Away;Friend, Please;Mulberry Street;Christmas Saves The Year;Smithereens;March To The Sea;Levitate;Ruby;Formidable;Implicit Demand For Proof;Kitchen Sink;Trees rab;Lovely;Snap Back;Good Day;Oh Ms Believer
The Judge;Blurryface;4;3;Lavish;Level of Concern;The Hype;Taxi Cab;Ode To Sleep rab;Cancer;Time To Say Goodbye;Choker;Routines In The Night;Anathema;House of Gold;Doubt;No Chances;Fairly Local;Semi-Automatic;Two;House Of Gold rab;Stressed Out;Glowing Eyes;Guns For Hands rab;Screen;Car Radio rab;Bounce Man;The Outside;Holding On To You rab;Saturday;Addict With A Pen;Goner;The Run and Go;Johnny Boy;Clear;The Pantaloon;Truce;Legend;Not Today;Polarize;Air Catcher;Midwest Indigo;Never Take It;Fake You Out;Be Concerned;Backslide;Before You Start Your Day;The Craving (Jenna's version);A Car, A Torch, A Death;Hometown;We Don't Believe What's on TV;Heathens;Shy Away;Friend, Please;Mulberry Street;Christmas Saves The Year;Smithereens;March To The Sea;Levitate;Ruby;Lane Boy;Formidable;Implicit Demand For Proof;Kitchen Sink;Trees rab;Lovely;Snap Back;Good Day;Oh Ms Believer
Doubt;Blurryface;2;6;Be Concerned;Johnny Boy;Bounce Man;Clear;Christmas Saves The Year;Cancer;Before You Start Your Day;Saturday;Oh Ms Believer
Polarize;Blurryface;4;4;Lavish;Level of Concern;Ode To Sleep rab;Cancer;Time To Say Goodbye;Choker;Anathema;Doubt;House of Gold;No Chances;Fairly Local;Two;House Of Gold rab;Stressed Out;Glowing Eyes;Guns For Hands rab;Car Radio rab;Bounce Man;The Outside;Holding On To You rab;Saturday;Goner;The Run and Go;Johnny Boy;Clear;The Pantaloon;Truce;Not Today;Midwest Indigo;Never Take It;Fake You Out;Be Concerned;Before You Start Your Day;The Craving (Jenna's version);A Car, A Torch, A Death;Heathens;Shy Away;Friend, Please;Christmas Saves The Year;Smithereens;March To The Sea;Formidable;Kitchen Sink;Implicit Demand For Proof;Trees rab;Lovely;Snap Back;Good Day;Oh Ms Believer
We Don't Believe What's on TV;Blurryface;2;5;Cancer;Be Concerned;March To The Sea
Message Man;Blurryface;6;1;Lavish;Level of Concern;The Hype;Forest;Taxi Cab;Ode To Sleep rab;Slowtown;Cancer;Time To Say Goodbye;Choker;Routines In The Night;Anathema;House of Gold;Doubt;No Chances;Fairly Local;Semi-Automatic;Two;House Of Gold rab;Stressed Out;Glowing Eyes;Guns For Hands rab;Screen;Car Radio rab;Bounce Man;The Outside;Holding On To You rab;Saturday;Addict With A Pen;Goner;The Run and Go;Johnny Boy;Clear;The Pantaloon;Truce;Legend;Not Today;Polarize;Air Catcher;Tear in My Heart;Midwest Indigo;Never Take It;Fake You Out;Be Concerned;Backslide;Before You Start Your Day;The Craving (Jenna's version);A Car, A Torch, A Death;Hometown;We Don't Believe What's on TV;Heathens;Shy Away;Paladin Strait;Friend, Please;Mulberry Street;Christmas Saves The Year;Smithereens;March To The Sea;Overcompensate;Levitate;Ruby;Trapdoor;Formidable;Pet Cheetah;Implicit Demand For Proof;Lovely;Trees rab;Kitchen Sink;Snap Back;Good Day;Oh Ms Believer
Hometown;Blurryface;5;4;Lavish;Level of Concern;Taxi Cab;Ode To Sleep rab;Cancer;Time To Say Goodbye;Choker;Routines In The Night;Anathema;House of Gold;Doubt;No Chances;Fairly Local;Semi-Automatic;Two;House Of Gold rab;Stressed Out;Glowing Eyes;Guns For Hands rab;Screen;Car Radio rab;Bounce Man;The Outside;Holding On To You rab;Saturday;Addict With A Pen;Goner;The Run and Go;Johnny Boy;Clear;The Pantaloon;Truce;Legend;Not Today;Polarize;Air Catcher;Midwest Indigo;Never Take It;Fake You Out;Be Concerned;Before You Start Your Day;The Craving (Jenna's version);A Car, A Torch, A Death;We Don't Believe What's on TV;Heathens;Shy Away;Friend, Please;Christmas Saves The Year;Smithereens;March To The Sea;Ruby;Formidable;Implicit Demand For Proof;Kitchen Sink;Trees rab;Lovely;Snap Back;Good Day;Oh Ms Believer
Not Today;Blurryface;2;6;Two;Never Take It;Good Day;Formidable;Be Concerned;Bounce Man
Goner;Blurryface;4;4;Lavish;Level of Concern;The Run and Go;Johnny Boy;Clear;The Pantaloon;Not Today;Midwest Indigo;Never Take It;Ode To Sleep rab;Fake You Out;Be Concerned;Cancer;Time To Say Goodbye;Choker;Before You Start Your Day;The Craving (Jenna's version);A Car, A Torch, A Death;Anathema;House of Gold;Doubt;No Chances;Heathens;Shy Away;Fairly Local;Friend, Please;Christmas Saves The Year;Two;Smithereens;House Of Gold rab;March To The Sea;Stressed Out;Glowing Eyes;Guns For Hands rab;Car Radio rab;Formidable;Implicit Demand For Proof;Lovely;Trees rab;Bounce Man;Snap Back;Good Day;Holding On To You rab;Saturday;Oh Ms Believer
Jumpsuit;Trench;7;3;Lavish;Level of Concern;The Hype;Taxi Cab;Ode To Sleep rab;Slowtown;Cancer;Time To Say Goodbye;Choker;Routines In The Night;Anathema;Doubt;House of Gold;No Chances;Fairly Local;Semi-Automatic;The Judge;Two;House Of Gold rab;Stressed Out;Glowing Eyes;Guns For Hands rab;Screen;Car Radio rab;Bounce Man;The Outside;Holding On To You rab;Saturday;Addict With A Pen;Goner;The Run and Go;Johnny Boy;Clear;The Pantaloon;Truce;Legend;Polarize;Not Today;Air Catcher;Tear in My Heart;Midwest Indigo;Never Take It;Fake You Out;Be Concerned;Backslide;Before You Start Your Day;The Craving (Jenna's version);A Car, A Torch, A Death;Hometown;We Don't Believe What's on TV;Heathens;Shy Away;Paladin Strait;Friend, Please;Mulberry Street;Christmas Saves The Year;Smithereens;March To The Sea;Levitate;Ruby;Trapdoor;Lane Boy;Formidable;Pet Cheetah;Kitchen Sink;Implicit Demand For Proof;Trees rab;Lovely;Snap Back;Good Day;Oh Ms Believer
Levitate;Trench;5;4;Lavish;Level of Concern;The Hype;Taxi Cab;Ode To Sleep rab;Cancer;Time To Say Goodbye;Choker;Routines In The Night;Anathema;Doubt;House of Gold;No Chances;Fairly Local;Semi-Automatic;Two;House Of Gold rab;Stressed Out;Glowing Eyes;Guns For Hands rab;Screen;Car Radio rab;Bounce Man;The Outside;Holding On To You rab;Saturday;Addict With A Pen;Goner;The Run and Go;Johnny Boy;Clear;The Pantaloon;Truce;Legend;Not Today;Polarize;Air Catcher;Midwest Indigo;Never Take It;Fake You Out;Be Concerned;Backslide;Before You Start Your Day;The Craving (Jenna's version);A Car, A Torch, A Death;Hometown;We Don't Believe What's on TV;Heathens;Shy Away;Friend, Please;Mulberry Street;Christmas Saves The Year;Smithereens;March To The Sea;Ruby;Formidable;Implicit Demand For Proof;Kitchen Sink;Trees rab;Lovely;Snap Back;Good Day;Oh Ms Believer
Morph;Trench;6;3;Lavish;Level of Concern;The Hype;Forest;Taxi Cab;Ode To Sleep rab;Slowtown;Isle Of Flightless Birds;Cancer;Time To Say Goodbye;Choker;Routines In The Night;Anathema;House of Gold;Doubt;No Chances;Fairly Local;Semi-Automatic;Two;House Of Gold rab;Stressed Out;Glowing Eyes;Guns For Hands rab;Ride;Screen;Car Radio rab;Bounce Man;The Outside;Holding On To You rab;Saturday;Addict With A Pen;Goner;The Run and Go;Johnny Boy;Clear;The Pantaloon;Truce;Legend;Not Today;Polarize;Air Catcher;Tear in My Heart;Midwest Indigo;Never Take It;Fake You Out;Be Concerned;Backslide;Before You Start Your Day;The Craving (Jenna's version);A Car, A Torch, A Death;Hometown;We Don't Believe What's on TV;Heathens;Shy Away;Friend, Please;Mulberry Street;Christmas Saves The Year;Smithereens;March To The Sea;Levitate;Ruby;Lane Boy;Trapdoor;Formidable;Pet Cheetah;Implicit Demand For Proof;Kitchen Sink;Trees rab;Lovely;Snap Back;Good Day;Oh Ms Believer
My Blood;Trench;8;2;Lavish;Level of Concern;The Hype;Taxi Cab;Ode To Sleep rab;Cancer;Time To Say Goodbye;Choker;Routines In The Night;Anathema;House of Gold;Doubt;No Chances;Fairly Local;Semi-Automatic;Two;House Of Gold rab;Stressed Out;Glowing Eyes;Guns For Hands rab;Ride;Fall Away;Screen;Car Radio rab;Bounce Man;The Outside;Holding On To You rab;Saturday;Addict With A Pen;Goner;The Run and Go;Johnny Boy;Clear;The Pantaloon;Truce;Legend;Not Today;Polarize;Air Catcher;Tear in My Heart;Midwest Indigo;Never Take It;Fake You Out;Be Concerned;Backslide;Before You Start Your Day;The Craving (Jenna's version);A Car, A Torch, A Death;Hometown;We Don't Believe What's on TV;Heathens;Shy Away;Paladin Strait;Friend, Please;Mulberry Street;Christmas Saves The Year;Smithereens;March To The Sea;Levitate;Ruby;Lane Boy;Trapdoor;Formidable;Implicit Demand For Proof;Kitchen Sink;Trees rab;Lovely;Snap Back;Good Day;Oh Ms Believer
Chlorine;Trench;7;3;Morph;Jumpsuit;Ode To Sleep rab;Slowtown;Isle Of Flightless Birds;Cancer;Routines In The Night;Anathema;House of Gold;Doubt;Semi-Automatic;Two;Stressed Out;Ride;Neon Gravestones;The Outside;Addict With A Pen;Goner;The Run and Go;Johnny Boy;Truce;Legend;Air Catcher;Tear in My Heart;Leave the City;Fake You Out;Before You Start Your Day;The Craving (Jenna's version);A Car, A Torch, A Death;Heathens;Shy Away;Friend, Please;Bandito;March To The Sea;Overcompensate;Ruby;Lane Boy;Formidable;Kitchen Sink;Lovely;Trees rab;Good Day;Lavish;Level of Concern;The Hype;Forest;Cut My Lip;Taxi Cab;Navigating;Time To Say Goodbye;Choker;No Chances;Fairly Local;The Judge;House Of Gold rab;Glowing Eyes;Guns For Hands rab;Guns for Hands;Screen;Car Radio rab;Bounce Man;Holding On To You rab;Saturday;Clear;The Pantaloon;Not Today;Polarize;Trees;Midwest Indigo;Never Take It;Message Man;Be Concerned;Backslide;Hometown;We Don't Believe What's on TV;Paladin Strait;Oldies Station;Mulberry Street;Christmas Saves The Year;Smithereens;At The Risk Of Feeling Dumb;Levitate;Trapdoor;Pet Cheetah;Implicit Demand For Proof;Snap Back;Oh Ms Believer
Smithereens;Trench;5;4;Johnny Boy;Clear;Christmas Saves The Year;Two;House Of Gold rab;Guns For Hands rab;Never Take It;Formidable;Be Concerned;Bounce Man;Cancer;Good Day;Before You Start Your Day;The Craving (Jenna's version);Holding On To You rab;Saturday;Oh Ms Believer;Doubt
Neon Gravestones;Trench;7;3;Lavish;Level of Concern;The Hype;Forest;Taxi Cab;Ode To Sleep rab;Cancer;Time To Say Goodbye;Choker;Routines In The Night;Anathema;House of Gold;Doubt;No Chances;Fairly Local;Semi-Automatic;The Judge;Two;House Of Gold rab;Stressed Out;Glowing Eyes;Guns For Hands rab;Screen;Car Radio rab;Bounce Man;The Outside;Holding On To You rab;Saturday;Addict With A Pen;Goner;The Run and Go;Johnny Boy;Clear;The Pantaloon;Truce;Legend;Not Today;Polarize;Air Catcher;Midwest Indigo;Never Take It;Fake You Out;Be Concerned;Backslide;Before You Start Your Day;The Craving (Jenna's version);A Car, A Torch, A Death;Hometown;We Don't Believe What's on TV;Heathens;Shy Away;Friend, Please;Mulberry Street;Christmas Saves The Year;Smithereens;March To The Sea;Levitate;Ruby;Lane Boy;Formidable;Implicit Demand For Proof;Kitchen Sink;Trees rab;Lovely;Snap Back;Good Day;Oh Ms Believer
The Hype;Trench;6;2;Lavish;Level of Concern;Taxi Cab;Ode To Sleep rab;Cancer;Time To Say Goodbye;Choker;Routines In The Night;Anathema;Doubt;House of Gold;No Chances;Fairly Local;Semi-Automatic;Two;House Of Gold rab;Stressed Out;Glowing Eyes;Guns For Hands rab;Screen;Car Radio rab;Bounce Man;The Outside;Holding On To You rab;Saturday;Goner;The Run and Go;Johnny Boy;Clear;The Pantaloon;Truce;Not Today;Polarize;Air Catcher;Midwest Indigo;Never Take It;Fake You Out;Be Concerned;Before You Start Your Day;The Craving (Jenna's version);A Car, A Torch, A Death;We Don't Believe What's on TV;Heathens;Shy Away;Friend, Please;Christmas Saves The Year;Smithereens;March To The Sea;Ruby;Formidable;Kitchen Sink;Implicit Demand For Proof;Trees rab;Lovely;Snap Back;Good Day;Oh Ms Believer
Nico and the Niners;Trench;7;2;Morph;Jumpsuit;Ode To Sleep rab;Slowtown;Next Semester;Isle Of Flightless Birds;Cancer;Routines In The Night;Anathema;House of Gold;Doubt;Semi-Automatic;Two;Chlorine;Stressed Out;Ride;Ode to Sleep;Neon Gravestones;The Outside;Addict With A Pen;Goner;The Run and Go;Johnny Boy;Truce;Legend;Air Catcher;Tear in My Heart;Leave the City;Fake You Out;Vignette;Before You Start Your Day;The Craving (Jenna's version);A Car, A Torch, A Death;Heathens;Shy Away;Friend, Please;Bandito;March To The Sea;Overcompensate;Ruby;Lane Boy;Formidable;Kitchen Sink;Lovely;Trees rab;Good Day;Lavish;Level of Concern;The Hype;Forest;Cut My Lip;Taxi Cab;Navigating;Migraine;Time To Say Goodbye;Choker;No Chances;Fairly Local;The Judge;House Of Gold rab;Redecorate;Glowing Eyes;Guns For Hands rab;Fall Away;Guns for Hands;Screen;Car Radio rab;Bounce Man;Holding On To You rab;Saturday;Clear;The Pantaloon;Not Today;Polarize;Trees;Midwest Indigo;Never Take It;Message Man;Be Concerned;Backslide;Heavydirtysoul;Hometown;We Don't Believe What's on TV;Paladin Strait;Oldies Station;Mulberry Street;Christmas Saves The Year;Smithereens;My Blood;At The Risk Of Feeling Dumb;Levitate;Trapdoor;Pet Cheetah;Implicit Demand For Proof;Snap Back;Oh Ms Believer
Cut My Lip;Trench;8;2;Lavish;Level of Concern;The Hype;Taxi Cab;Ode To Sleep rab;Slowtown;Cancer;Time To Say Goodbye;Choker;Routines In The Night;Anathema;House of Gold;Doubt;No Chances;Fairly Local;Semi-Automatic;Two;House Of Gold rab;Stressed Out;Glowing Eyes;Guns For Hands rab;Screen;Car Radio rab;Bounce Man;The Outside;Holding On To You rab;Saturday;Addict With A Pen;Goner;The Run and Go;Johnny Boy;Clear;The Pantaloon;Truce;Legend;Not Today;Polarize;Air Catcher;Tear in My Heart;Midwest Indigo;Never Take It;Fake You Out;Be Concerned;Backslide;Before You Start Your Day;The Craving (Jenna's version);A Car, A Torch, A Death;Hometown;We Don't Believe What's on TV;Heathens;Shy Away;Paladin Strait;Friend, Please;Mulberry Street;Christmas Saves The Year;Smithereens;March To The Sea;Levitate;Ruby;Trapdoor;Lane Boy;Formidable;Implicit Demand For Proof;Lovely;Trees rab;Kitchen Sink;Snap Back;Good Day;Oh Ms Believer
Bandito;Trench;8;2;Morph;Jumpsuit;Ode To Sleep rab;Slowtown;Isle Of Flightless Birds;Cancer;Routines In The Night;Anathema;House of Gold;Doubt;Semi-Automatic;Two;Stressed Out;Ride;Neon Gravestones;The Outside;Addict With A Pen;Goner;The Run and Go;Johnny Boy;Truce;Legend;Air Catcher;Tear in My Heart;Leave the City;Fake You Out;Before You Start Your Day;The Craving (Jenna's version);A Car, A Torch, A Death;Heathens;Shy Away;Friend, Please;March To The Sea;Overcompensate;Ruby;Lane Boy;Formidable;Kitchen Sink;Lovely;Trees rab;Good Day;Lavish;Level of Concern;The Hype;Forest;Cut My Lip;Taxi Cab;Navigating;Time To Say Goodbye;Choker;No Chances;Fairly Local;The Judge;House Of Gold rab;Glowing Eyes;Guns For Hands rab;Screen;Car Radio rab;Bounce Man;Holding On To You rab;Saturday;Clear;The Pantaloon;Not Today;Polarize;Trees;Midwest Indigo;Never Take It;Message Man;Be Concerned;Backslide;Hometown;We Don't Believe What's on TV;Paladin Strait;Mulberry Street;Christmas Saves The Year;Smithereens;At The Risk Of Feeling Dumb;Levitate;Trapdoor;Pet Cheetah;Implicit Demand For Proof;Snap Back;Oh Ms Believer
Pet Cheetah;Trench;6;4;Lavish;Level of Concern;Taxi Cab;Ode To Sleep rab;Slowtown;Cancer;Time To Say Goodbye;Choker;Routines In The Night;Anathema;House of Gold;Doubt;No Chances;Fairly Local;Semi-Automatic;Two;House Of Gold rab;Stressed Out;Glowing Eyes;Guns For Hands rab;Screen;Car Radio rab;Bounce Man;The Outside;Holding On To You rab;Saturday;Addict With A Pen;Goner;The Run and Go;Johnny Boy;Clear;The Pantaloon;Truce;Legend;Polarize;Not Today;Air Catcher;Midwest Indigo;Never Take It;Fake You Out;Be Concerned;Before You Start Your Day;The Craving (Jenna's version);A Car, A Torch, A Death;Hometown;We Don't Believe What's on TV;Heathens;Shy Away;Friend, Please;Christmas Saves The Year;Smithereens;March To The Sea;Ruby;Formidable;Kitchen Sink;Implicit Demand For Proof;Trees rab;Lovely;Snap Back;Good Day;Oh Ms Believer
Legend;Trench;3;5;Lavish;Level of Concern;Goner;The Run and Go;Johnny Boy;Clear;The Pantaloon;Truce;Taxi Cab;Not Today;Polarize;Air Catcher;Midwest Indigo;Never Take It;Ode To Sleep rab;Fake You Out;Be Concerned;Cancer;Time To Say Goodbye;Choker;Routines In The Night;Before You Start Your Day;The Craving (Jenna's version);A Car, A Torch, A Death;We Don't Believe What's on TV;Anathema;House of Gold;Doubt;No Chances;Heathens;Shy Away;Fairly Local;Semi-Automatic;Friend, Please;Christmas Saves The Year;Two;Smithereens;House Of Gold rab;March To The Sea;Stressed Out;Glowing Eyes;Guns For Hands rab;Screen;Ruby;Car Radio rab;Formidable;Implicit Demand For Proof;Kitchen Sink;Trees rab;Bounce Man;Lovely;The Outside;Snap Back;Good Day;Holding On To You rab;Saturday;Oh Ms Believer
Leave the City;Trench;7;3;Morph;Jumpsuit;Ode To Sleep rab;Slowtown;Isle Of Flightless Birds;Cancer;Routines In The Night;Anathema;House of Gold;Doubt;Semi-Automatic;Two;Stressed Out;Ride;The Outside;Addict With A Pen;Goner;The Run and Go;Johnny Boy;Truce;Legend;Air Catcher;Tear in My Heart;Fake You Out;Before You Start Your Day;The Craving (Jenna's version);A Car, A Torch, A Death;Heathens;Shy Away;Friend, Please;March To The Sea;Overcompensate;Ruby;Lane Boy;Formidable;Kitchen Sink;Lovely;Trees rab;Good Day;Lavish;Level of Concern;The Hype;Cut My Lip;Forest;Taxi Cab;Navigating;Time To Say Goodbye;Choker;No Chances;Fairly Local;The Judge;House Of Gold rab;Glowing Eyes;Guns For Hands rab;Screen;Car Radio rab;Bounce Man;Holding On To You rab;Saturday;Clear;The Pantaloon;Not Today;Polarize;Trees;Midwest Indigo;Never Take It;Message Man;Be Concerned;Backslide;Hometown;We Don't Believe What's on TV;Paladin Strait;Mulberry Street;Christmas Saves The Year;Smithereens;At The Risk Of Feeling Dumb;Levitate;Trapdoor;Pet Cheetah;Implicit Demand For Proof;Snap Back;Oh Ms Believer
Good Day;Scaled And Icy;1;4;Two
Choker;Scaled And Icy;4;7;Johnny Boy;Friend, Please;Clear;The Pantaloon;Two;Christmas Saves The Year;Smithereens;House Of Gold rab;Guns For Hands rab;Never Take It;Ode To Sleep rab;Formidable;Be Concerned;Bounce Man;Cancer;Good Day;The Craving (Jenna's version);Before You Start Your Day;Holding On To You rab;Saturday;Oh Ms Believer;Doubt
Shy Away;Scaled And Icy;4;5;Lavish;Level of Concern;The Run and Go;Johnny Boy;Clear;The Pantaloon;Not Today;Midwest Indigo;Never Take It;Ode To Sleep rab;Be Concerned;Cancer;Time To Say Goodbye;Choker;Before You Start Your Day;The Craving (Jenna's version);A Car, A Torch, A Death;Anathema;House of Gold;Doubt;No Chances;Heathens;Fairly Local;Friend, Please;Christmas Saves The Year;Two;Smithereens;House Of Gold rab;March To The Sea;Stressed Out;Glowing Eyes;Guns For Hands rab;Car Radio rab;Formidable;Implicit Demand For Proof;Trees rab;Bounce Man;Snap Back;Good Day;Holding On To You rab;Saturday;Oh Ms Believer
The Outside;Scaled And Icy;4;4;Level of Concern;The Run and Go;Johnny Boy;Clear;The Pantaloon;Never Take It;Ode To Sleep rab;Be Concerned;Cancer;Choker;Before You Start Your Day;The Craving (Jenna's version);House of Gold;Doubt;Friend, Please;Christmas Saves The Year;Two;Smithereens;House Of Gold rab;March To The Sea;Glowing Eyes;Guns For Hands rab;Formidable;Bounce Man;Good Day;Holding On To You rab;Saturday;Oh Ms Believer
Saturday;Scaled And Icy;2;5;Be Concerned;Johnny Boy;Bounce Man;Clear;Christmas Saves The Year;Cancer;Oh Ms Believer
Never Take It;Scaled And Icy;2;6;Two;Good Day;Formidable;Be Concerned
Mulberry Street;Scaled And Icy;7;3;Lavish;Level of Concern;Ode To Sleep rab;Cancer;Time To Say Goodbye;Choker;Anathema;Doubt;House of Gold;No Chances;Fairly Local;Two;House Of Gold rab;Stressed Out;Glowing Eyes;Guns For Hands rab;Car Radio rab;Bounce Man;The Outside;Holding On To You rab;Saturday;Addict With A Pen;Goner;The Run and Go;Johnny Boy;Clear;The Pantaloon;Truce;Polarize;Not Today;Air Catcher;Midwest Indigo;Never Take It;Fake You Out;Be Concerned;Before You Start Your Day;The Craving (Jenna's version);A Car, A Torch, A Death;We Don't Believe What's on TV;Heathens;Shy Away;Friend, Please;Christmas Saves The Year;Smithereens;March To The Sea;Formidable;Kitchen Sink;Implicit Demand For Proof;Trees rab;Lovely;Snap Back;Good Day;Oh Ms Believer
Formidable;Scaled And Icy;2;6;Two;Be Concerned
Bounce Man;Scaled And Icy;0;7;
No Chances;Scaled And Icy;4;5;Level of Concern;The Run and Go;Johnny Boy;Clear;Christmas Saves The Year;Two;Not Today;House Of Gold rab;March To The Sea;Glowing Eyes;Never Take It;Formidable;Be Concerned;Trees rab;Bounce Man;Cancer;Good Day;Before You Start Your Day;Holding On To You rab;Anathema;Saturday;Oh Ms Believer;House of Gold
Redecorate;Scaled And Icy;7;2;Morph;Jumpsuit;Ode To Sleep rab;Next Semester;Slowtown;Isle Of Flightless Birds;Cancer;Routines In The Night;Anathema;House of Gold;Doubt;Semi-Automatic;Two;Chlorine;Stressed Out;Ride;Ode to Sleep;Neon Gravestones;The Outside;Addict With A Pen;Goner;The Run and Go;Johnny Boy;Truce;Legend;Air Catcher;Tear in My Heart;Leave the City;Fake You Out;Vignette;Before You Start Your Day;The Craving (Jenna's version);A Car, A Torch, A Death;Heathens;Shy Away;Friend, Please;Bandito;March To The Sea;Overcompensate;Ruby;Lane Boy;Formidable;Kitchen Sink;Lovely;Trees rab;Good Day;Lavish;Level of Concern;The Hype;Forest;Cut My Lip;Taxi Cab;Navigating;Time To Say Goodbye;Choker;No Chances;Fairly Local;The Judge;House Of Gold rab;Glowing Eyes;Guns For Hands rab;Fall Away;Guns for Hands;Screen;Car Radio rab;Bounce Man;Holding On To You rab;Saturday;Clear;The Pantaloon;Not Today;Polarize;Trees;Midwest Indigo;Never Take It;Message Man;Be Concerned;Backslide;Hometown;We Don't Believe What's on TV;Paladin Strait;Oldies Station;Mulberry Street;Christmas Saves The Year;Smithereens;My Blood;At The Risk Of Feeling Dumb;Levitate;Trapdoor;Pet Cheetah;Implicit Demand For Proof;Snap Back;Oh Ms Believer
Overcompensate;Clancy;6;3;Lavish;Level of Concern;Taxi Cab;Ode To Sleep rab;Cancer;Time To Say Goodbye;Choker;Routines In The Night;Anathema;Doubt;House of Gold;No Chances;Fairly Local;Semi-Automatic;Two;House Of Gold rab;Stressed Out;Glowing Eyes;Guns For Hands rab;Screen;Car Radio rab;Bounce Man;The Outside;Holding On To You rab;Saturday;Goner;The Run and Go;Johnny Boy;Clear;The Pantaloon;Truce;Legend;Not Today;Polarize;Air Catcher;Midwest Indigo;Never Take It;Fake You Out;Be Concerned;Before You Start Your Day;The Craving (Jenna's version);A Car, A Torch, A Death;We Don't Believe What's on TV;Heathens;Shy Away;Friend, Please;Christmas Saves The Year;Smithereens;March To The Sea;Ruby;Formidable;Implicit Demand For Proof;Kitchen Sink;Trees rab;Lovely;Snap Back;Good Day;Oh Ms Believer
Next Semester;Clancy;8;3;Lavish;Level of Concern;The Hype;Forest;Morph;Taxi Cab;Ode To Sleep rab;Slowtown;Isle Of Flightless Birds;Cancer;Time To Say Goodbye;Choker;Routines In The Night;Anathema;Doubt;House of Gold;No Chances;Fairly Local;Semi-Automatic;The Judge;Two;House Of Gold rab;Stressed Out;Glowing Eyes;Guns For Hands rab;Ride;Fall Away;Screen;Car Radio rab;Neon Gravestones;Bounce Man;The Outside;Holding On To You rab;Saturday;Addict With A Pen;Goner;The Run and Go;Johnny Boy;Clear;The Pantaloon;Truce;Legend;Polarize;Not Today;Air Catcher;Tear in My Heart;Midwest Indigo;Never Take It;Fake You Out;Be Concerned;Vignette;Backslide;Before You Start Your Day;The Craving (Jenna's version);A Car, A Torch, A Death;Hometown;We Don't Believe What's on TV;Heathens;Shy Away;Paladin Strait;Friend, Please;Mulberry Street;Christmas Saves The Year;Smithereens;My Blood;March To The Sea;Levitate;Ruby;Lane Boy;Trapdoor;Formidable;Pet Cheetah;Kitchen Sink;Implicit Demand For Proof;Trees rab;Lovely;Snap Back;Good Day;Oh Ms Believer
Backslide;Clancy;5;3;Lavish;Level of Concern;Taxi Cab;Ode To Sleep rab;Cancer;Time To Say Goodbye;Choker;Routines In The Night;Anathema;House of Gold;Doubt;No Chances;Fairly Local;Semi-Automatic;Two;House Of Gold rab;Stressed Out;Glowing Eyes;Guns For Hands rab;Screen;Car Radio rab;Bounce Man;The Outside;Holding On To You rab;Saturday;Addict With A Pen;Goner;The Run and Go;Johnny Boy;Clear;The Pantaloon;Truce;Legend;Not Today;Polarize;Air Catcher;Midwest Indigo;Never Take It;Fake You Out;Be Concerned;Before You Start Your Day;The Craving (Jenna's version);A Car, A Torch, A Death;Hometown;We Don't Believe What's on TV;Heathens;Shy Away;Friend, Please;Mulberry Street;Christmas Saves The Year;Smithereens;March To The Sea;Ruby;Formidable;Implicit Demand For Proof;Kitchen Sink;Trees rab;Lovely;Snap Back;Good Day;Oh Ms Believer
Midwest Indigo;Clancy;3;3;Johnny Boy;Clear;Christmas Saves The Year;Smithereens;Two;House Of Gold rab;March To The Sea;Guns For Hands rab;Never Take It;Formidable;Be Concerned;Trees rab;Bounce Man;Cancer;Good Day;Before You Start Your Day;The Craving (Jenna's version);Holding On To You rab;Anathema;Saturday;Oh Ms Believer;Doubt
Routines In The Night;Clancy;4;4;Lavish;Level of Concern;The Run and Go;Johnny Boy;Clear;The Pantaloon;Not Today;Midwest Indigo;Never Take It;Ode To Sleep rab;Be Concerned;Cancer;Time To Say Goodbye;Choker;Before You Start Your Day;The Craving (Jenna's version);A Car, A Torch, A Death;We Don't Believe What's on TV;Anathema;House of Gold;Doubt;No Chances;Heathens;Shy Away;Fairly Local;Friend, Please;Christmas Saves The Year;Two;Smithereens;House Of Gold rab;March To The Sea;Stressed Out;Glowing Eyes;Guns For Hands rab;Ruby;Car Radio rab;Formidable;Implicit Demand For Proof;Trees rab;Bounce Man;Snap Back;Good Day;Holding On To You rab;Saturday;Oh Ms Believer
Vignette;Clancy;6;2;Ode To Sleep rab;Cancer;Routines In The Night;Anathema;House of Gold;Doubt;Semi-Automatic;Two;Stressed Out;Ride;The Outside;Addict With A Pen;Goner;The Run and Go;Johnny Boy;Truce;Legend;Air Catcher;Tear in My Heart;Fake You Out;Before You Start Your Day;The Craving (Jenna's version);A Car, A Torch, A Death;Heathens;Shy Away;Friend, Please;March To The Sea;Ruby;Lane Boy;Formidable;Kitchen Sink;Lovely;Trees rab;Good Day;Lavish;Level of Concern;The Hype;Taxi Cab;Time To Say Goodbye;Choker;No Chances;Fairly Local;House Of Gold rab;Glowing Eyes;Guns For Hands rab;Fall Away;Screen;Car Radio rab;Bounce Man;Holding On To You rab;Saturday;Clear;The Pantaloon;Not Today;Polarize;Midwest Indigo;Never Take It;Be Concerned;Backslide;Hometown;We Don't Believe What's on TV;Paladin Strait;Mulberry Street;Christmas Saves The Year;Smithereens;My Blood;Levitate;Trapdoor;Implicit Demand For Proof;Snap Back;Oh Ms Believer
The Craving (Jenna's version);Clancy;1;5;Be Concerned;Johnny Boy;Bounce Man;Clear;Christmas Saves The Year;Cancer;House Of Gold rab;Holding On To You rab;Saturday;Oh Ms Believer
Lavish;Clancy;2;5;No Chances;Level of Concern;The Run and Go;Johnny Boy;Clear;Christmas Saves The Year;Two;Not Today;House Of Gold rab;March To The Sea;Glowing Eyes;Never Take It;Formidable;Be Concerned;Trees rab;Bounce Man;Cancer;Good Day;Before You Start Your Day;Holding On To You rab;Anathema;Saturday;Oh Ms Believer;House of Gold
Navigating;Clancy;4;4;Lavish;Level of Concern;The Hype;Forest;Morph;Cut My Lip;Taxi Cab;Ode To Sleep rab;Slowtown;Isle Of Flightless Birds;Cancer;Time To Say Goodbye;Choker;Routines In The Night;Anathema;Doubt;House of Gold;No Chances;Fairly Local;Semi-Automatic;Two;House Of Gold rab;Stressed Out;Glowing Eyes;Guns For Hands rab;Ride;Screen;Car Radio rab;Bounce Man;The Outside;Holding On To You rab;Saturday;Addict With A Pen;Goner;The Run and Go;Johnny Boy;Clear;The Pantaloon;Truce;Legend;Not Today;Polarize;Air Catcher;Tear in My Heart;Midwest Indigo;Never Take It;Fake You Out;Message Man;Be Concerned;Backslide;The Craving (Jenna's version);Before You Start Your Day;A Car, A Torch, A Death;Hometown;We Don't Believe What's on TV;Heathens;Shy Away;Paladin Strait;Friend, Please;Mulberry Street;Christmas Saves The Year;Smithereens;March To The Sea;At The Risk Of Feeling Dumb;Overcompensate;Levitate;Ruby;Trapdoor;Lane Boy;Formidable;Pet Cheetah;Implicit Demand For Proof;Kitchen Sink;Trees rab;Lovely;Snap Back;Good Day;Oh Ms Believer
Snap Back;Clancy;4;2;Johnny Boy;Friend, Please;Christmas Saves The Year;Two;Clear;Smithereens;House Of Gold rab;Guns For Hands rab;Never Take It;Formidable;Be Concerned;Trees rab;Bounce Man;Cancer;Good Day;Before You Start Your Day;The Craving (Jenna's version);Holding On To You rab;Saturday;Oh Ms Believer;Doubt
Oldies Station;Clancy;6;3;Lavish;Level of Concern;The Hype;Forest;Taxi Cab;Ode To Sleep rab;Cancer;Time To Say Goodbye;Choker;Routines In The Night;Anathema;House of Gold;Doubt;No Chances;Fairly Local;Semi-Automatic;The Judge;Two;House Of Gold rab;Stressed Out;Glowing Eyes;Guns For Hands rab;Screen;Car Radio rab;Bounce Man;The Outside;Holding On To You rab;Saturday;Addict With A Pen;Goner;The Run and Go;Johnny Boy;Clear;The Pantaloon;Truce;Legend;Not Today;Polarize;Air Catcher;Tear in My Heart;Midwest Indigo;Never Take It;Fake You Out;Be Concerned;Backslide;Before You Start Your Day;The Craving (Jenna's version);A Car, A Torch, A Death;Hometown;We Don't Believe What's on TV;Heathens;Shy Away;Paladin Strait;Friend, Please;Mulberry Street;Christmas Saves The Year;Smithereens;March To The Sea;Levitate;Ruby;Trapdoor;Lane Boy;Formidable;Lovely;Implicit Demand For Proof;Kitchen Sink;Trees rab;Snap Back;Good Day;Oh Ms Believer
At The Risk Of Feeling Dumb;Clancy;4;3;Lavish;Level of Concern;The Hype;Forest;Morph;Cut My Lip;Taxi Cab;Ode To Sleep rab;Slowtown;Isle Of Flightless Birds;Cancer;Time To Say Goodbye;Choker;Routines In The Night;Anathema;House of Gold;Doubt;No Chances;Fairly Local;Semi-Automatic;Two;House Of Gold rab;Stressed Out;Glowing Eyes;Guns For Hands rab;Ride;Screen;Car Radio rab;Bounce Man;The Outside;Holding On To You rab;Saturday;Addict With A Pen;Goner;The Run and Go;Johnny Boy;Clear;The Pantaloon;Truce;Legend;Not Today;Polarize;Air Catcher;Tear in My Heart;Midwest Indigo;Never Take It;Fake You Out;Message Man;Be Concerned;Backslide;Before You Start Your Day;The Craving (Jenna's version);A Car, A Torch, A Death;Hometown;We Don't Believe What's on TV;Heathens;Shy Away;Paladin Strait;Friend, Please;Mulberry Street;Christmas Saves The Year;Smithereens;March To The Sea;Overcompensate;Levitate;Ruby;Trapdoor;Lane Boy;Formidable;Pet Cheetah;Implicit Demand For Proof;Lovely;Trees rab;Kitchen Sink;Snap Back;Good Day;Oh Ms Believer
Paladin Strait;Clancy;4;6;Lavish;Level of Concern;The Hype;Taxi Cab;Ode To Sleep rab;Cancer;Time To Say Goodbye;Choker;Routines In The Night;Anathema;House of Gold;Doubt;No Chances;Fairly Local;Semi-Automatic;Two;House Of Gold rab;Stressed Out;Glowing Eyes;Guns For Hands rab;Screen;Car Radio rab;Bounce Man;The Outside;Holding On To You rab;Saturday;Addict With A Pen;Goner;The Run and Go;Johnny Boy;Clear;The Pantaloon;Truce;Legend;Not Today;Polarize;Air Catcher;Tear in My Heart;Midwest Indigo;Never Take It;Fake You Out;Be Concerned;Backslide;Before You Start Your Day;The Craving (Jenna's version);A Car, A Torch, A Death;Hometown;We Don't Believe What's on TV;Heathens;Shy Away;Friend, Please;Mulberry Street;Christmas Saves The Year;Smithereens;March To The Sea;Levitate;Ruby;Trapdoor;Formidable;Implicit Demand For Proof;Kitchen Sink;Trees rab;Lovely;Snap Back;Good Day;Oh Ms Believer
Time To Say Goodbye;Single;1;1;Formidable;Be Concerned;Two
Cancer;Single;1;3;Be Concerned
Heathens;Single;3;3;Johnny Boy;Friend, Please;Christmas Saves The Year;Two;Clear;Smithereens;The Pantaloon;House Of Gold rab;Guns For Hands rab;Never Take It;Formidable;Be Concerned;Trees rab;Bounce Man;Cancer;Snap Back;Good Day;Before You Start Your Day;The Craving (Jenna's version);Holding On To You rab;Saturday;Oh Ms Believer;Doubt
Level of Concern;Single;4;4;The Run and Go;Johnny Boy;Clear;Christmas Saves The Year;House Of Gold rab;March To The Sea;Glowing Eyes;Be Concerned;Bounce Man;Cancer;Before You Start Your Day;Holding On To You rab;Saturday;Oh Ms Believer;House of Gold
Christmas Saves The Year;Single;1;4;Oh Ms Believer;Bounce Man